name,phone,address,website,email
Childs' Emerald Tyre Service,0403 666 361,"125 Clermont St, Emerald QLD 4720",https://www.childsemeraldtyreservice.com.au,N/A
Hunter Valley Tracks Pty Ltd,(02) 4932 1181,"148 Racecourse Rd, Rutherford NSW 2320",http://www.huntervalleytracks.net.au,N/A
Hardweld Pty Ltd,(03) 5148 2091,"97 Maffra Rd, Heyfield VIC 3858",https://www.hardweldpl.com.au,hello@hardweld.com.au
Kinsela Plant Repairs,0450 954 654,N/A,N/A,N/A
Huski Construction Equipment,(02) 6218 1224,"144 Gilmore Rd, Queanbeyan NSW 2620",https://www.huskiconstructionequipment.com.au,N/A
DM Breaker Equipment,(08) 9452 1112,"25 Valencia Way, Maddington WA 6109",http://www.dmbreaker.com,N/A
JF Machinery Pty Ltd,(03) 6263 5576,"25 Possum Rd, Bridgewater TAS 7030",https://www.jfmachinery.com.au,admin@jfmachinery.com.au
Excavator Parts Pty Ltd,(02) 6581 1589,N/A,http://www.excavatorparts.com.au,N/A
T-Quip,(08) 9479 4708,"36 Abernathy Rd, Belmont WA 6104",http://www.tquip.com.au,N/A
Hydrapower Attachments Pty Ltd,(07) 3477 9073,N/A,http://www.hydrapower.com.au,sales@hydrapower.com.au
Turner's Engineering,(07) 5578 1733,N/A,http://www.turnersengineering.com.au,N/A
Callcorr Pty Ltd,(07) 4959 6211,"7 Munbura Rd, Mackay QLD 4740",http://callcorr.com.au,N/A
Turner's Engineering (QLD),(07) 4982 7522,N/A,http://www.turnersengineering.com.au,N/A
Honeycombes Sales & Service,(07) 4034 6400,"23 Supply Rd, Bentley Park QLD 4869",https://www.honeycombes.com.au,N/A
RFG Sales & Spares,(03) 6435 1544,"24C Besser Crst, Camdale TAS 7320",http://www.rfgsales.com.au,N/A
P A & C I Martin,(08) 8641 1958,"11-15 Brooks St, Port Augusta SA 5700",http://www.paandcimartin.com.au,N/A
Van Damme Plant Hire Pty Ltd,(07) 4956 2214,N/A,https://vandammeph.com.au,N/A
Hockey Machinery Sales Pty Ltd,0428 772 902,"39 Supply Rd, Bentley Park QLD 4869",http://www.hockeymachinery.com,lyndon@hockeymachinery.com
S.A. Lift & Loader Pty Ltd,(08) 8243 0788,"253 Hanson Rd, Wingfield SA 5013",http://www.saliftandloader.com.au,admin@saliftandloader.com.au
J & S Engineering & Maintenance Pty Ltd,(02) 4932 7379,"126 Racecourse Rd, Rutherford NSW 2320",http://www.jsengineering.com.au,N/A
Capital Construction Equipment,(02) 6025 0444,"8 Catherine Cres, Lavington NSW 2641",https://capitalconstruction.com.au,enquiries@capitalconstruction.com.au
Onsite Equipment Hire,0438 025 496,N/A,https://www.onsitehiremildura.com.au,N/A
Diggermate Mini Excavator Hire Armadale,0488 003 164,N/A,https://www.diggermate.com.au/locations/armadale,"support@diggermate.com.au, red@2x.png, admin@diggermate.com.au, chosen-sprite@2x.png, dark-orange@2x.png"
All -Make Trencher Sales & Service Pty Ltd,(08) 8266 0190,"23 Dundee Ave, Holden Hill SA 5088",http://www.allmaketrencher.com.au,kurt@allmaketrencher.com.au
ShawX Manufacturing,(07) 3286 3794,"Level 1 55 Enterprise St, Cleveland QLD 4163",https://www.shawx.com.au,N/A
DLM Machinery,(03) 6339 1550,"17 - 21 Killafaddy Rd, St Leonards TAS 7250",http://www.dlmmachinery.com.au,"joe@dlmmachinery.com.au, ricky@dlmmachinery.com.au, info@dlmmachinery.com.au, ben@dlmmachinery.com.au, laura@dlmmachinery.com.au, david@dlmmachinery.com.au, peta@dlmmachinery.com.au, bill@dlmmachinery.com.au, matt@dlmmachinery.com.au, accounts@dlmmachinery.com.au"
Onetrak Hyundai,Send Email,N/A,http://www.onetrak.com.au,N/A
CES Australia,(02) 6585 3266,"16 Business Cct, Wauchope NSW 2446",http://www.cesaustralia.com.au,N/A
LiftRite Hire & Sales,(08) 9246 6200,"3-5 Zanni St, Canning Vale WA 6155",https://www.liftrite.com.au,N/A
Super Groups,(03) 9702 3999,"30-32 Abbott Rd, Hallam VIC 3803",http://www.supergroups.com.au,N/A
Tracserv Pty Ltd,(02) 6881 5400,"19 Purvis Lane, Dubbo NSW 2830",http://www.tracserv.net.au,N/A
BMI Engineering,(07) 3219 5666,"27 Activity St, Acacia Ridge QLD 4110",http://www.bmiengineering.com.au,N/A
Hitachi Construction Machinery Australia GLOBAL,1300 448 224,N/A,https://hitachicm.com.au,N/A
Onetrak,1300 727 520,"8 Wallis Rd, Davenport WA 6230",http://www.onetrak.com.au,N/A
Embrey Attachments Pty Ltd,(03) 9504 5008,"25 Mary St, Pakenham VIC 3810",http://www.embreyattachments.com.au,N/A
Tracserv Trucks,(02) 6360 1851,"9 Scott Pl, Orange NSW 2800",http://www.tracserv.net.au,N/A
Childs' Emerald Tyre Service,0403 666 361,"125 Clermont St, Emerald QLD 4720",https://www.childsemeraldtyreservice.com.au,N/A
Cavpower,(08) 8445 5800,N/A,http://www.cavpower.com/cavpower/home.jsp,enquiries@cavpower.com
Gato Sales and Repairs,(02) 4955 5533,"24 Carbine Cl, Maryland NSW 2287",http://www.gatosales.com.au,"Mail@gato.com.au, mail@gato.com.au"
CQ Diesel Fitting,(07) 4972 7401,"23 Bensted Rd, Callemondah QLD 4680",http://www.cqdieselfitting.com.au,"pacific@2x-300x194.jpg, knorr@2x-300x194.jpg, rio-tinto@2x.png, check2@2x.png, gladstone@cqdieselfitting.com.au, pacific@2x.jpg, logo1@2x.png, check3@2x.png, logo5@2x.png, check4@2x.png, palfinger@2x.jpg, google@2x.png, hiab@2x.jpg, knorr@2x.jpg, wabco@2x.jpg, logo3@2x.png, logo2@2x.png, palfinger@2x-300x194.jpg, check5@2x.png, logo4@2x.png, quote@2x.png, hiab@2x-300x194.jpg, mackay@cqdieselfitting.com.au, libherr@2x-300x194.jpg, wabco@2x-300x194.jpg, libherr@2x.jpg, check1@2x.png, brisbane@cqdieselfitting.com.au, check6@2x.png, arrow-down@2x.png, favicon@2x-1.png, favicon@2x-1-150x119.png"
Vermeer Equipment Of WA & NT,(08) 9479 4994,"22 Ballantyne Rd, Kewdale WA 6105",http://www.vermeerwa.com.au,N/A
Supreme Rentals & Sales,(02) 6056 2999,"79 Wigg St, Wodonga NSW 3690",http://www.supremeforks.com.au,N/A
Attachment Solutions,(08) 9531 3087,N/A,http://www.attachmentsolutionswa.com.au,N/A
Buckley's Plant Maintenance P/L (BPM),(02) 4271 1918,"7- 9 Brady St, Berkeley NSW 2506",http://www.bp-services.com.au,N/A
CA Construction,(07) 3277 1000,"500 Freeman Rd, Richlands QLD 4077",http://www.chesterfieldaustralia.com.au,N/A
Stonetec Industrial Supplies Pty Ltd,(03) 6248 5850,"1092 Cambridge Rd, Cambridge TAS 7170",http://stonetec.net.au,stonetec@intas.net.au
Maintcorp,(08) 8244 6300,"40 Millers Rd, Wingfield SA 5013",http://www.maintcorp.com.au,"breakers@maintcorp.com.au, daniel@maintcorp.com.au, admin@maintcorp.com.au"
Australian Construction Equipment Pty Ltd,(08) 8359 5700,"9 Senna Rd, Wingfield SA 5013",http://www.acequipment.com.au,admin@acequipment.com.au
South Coast Track Repairs,(02) 4421 3771,"8 Concorde Way, Bomaderry NSW 2541",http://www.sctr.net.au,N/A
M2E Maintenance & Fitting Pty Ltd,0400 344 687,"Unit 1 15 Hargraves Pl, Wetherill Park NSW 2164",http://www.earthmovingattachmenttools.com.au,N/A
Westside Equipment,(08) 9726 0388,"14 McCombe Rd, Davenport WA 6230",http://westsideequipment.com.au,N/A
Terrequipe Pty Ltd,(07) 4936 3577,"1011-1021 Bruce Hwy, Parkhurst QLD 4701",http://terrequipe.com.au,N/A
Wacker Neuson,(03) 9549 0000,"31-41 National Dr, Dandenong South VIC 3175",http://www.wackerneuson.com,info@dp-wired.de
South Adelaide Plant Hire,0424 656 552,"28 Chapman Rd, Hackham SA 5163",N/A,N/A
Crawler Chains,(07) 5428 1924,"65 Pasturage Rd, Caboolture QLD 4510",N/A,N/A
Digga West,(08) 9457 1544,"6/ 15 Yampi Way, Willetton WA 6155",http://www.digga.com.au,N/A
Erling Australia,1300 375 350,"47 Cascade Rd, Romaine TAS 7320",N/A,N/A
Smart Hire Oakleigh & Carnegie,(03) 8546 5744,"21-25 Coora Rd, Oakleigh South VIC 3167",N/A,N/A
HME Plant Mechanical Repairs Pty Ltd,(08) 9093 2255,"72 Chaffers St, South Boulder WA 6432",N/A,N/A
Woodhams Grading Pty Ltd,(08) 9927 2051,N/A,N/A,N/A
QLD Heavy Earthmoving & Machinery Maintenance,0432 736 741,N/A,N/A,N/A
Somerled Services,(08) 8388 6244,N/A,N/A,N/A
Trackspares â€“ Trackex Aust,1300 872 257,"55 Greenwich Parade, Neerabup WA 6031",http://www.trackspares.com.au,N/A
Pemco Diesel Pty Ltd,(08) 9964 8511,"5 Box St, Webberton WA 6530",http://www.pemcodiesel.com.au,"service@pemcodiesel.com.au, admin@pemcodiesel.com.au"
ALR Earthmoving Repairs,0412 127 722,"18 Old Mill Rd, Bannockburn QLD 4207",http://www.alrearthrep.com.au,N/A
Coastal Skid Steer Services Pty Ltd,(02) 4323 4340,"Unit 4/ 332 Manns Rd, Gosford West NSW 2250",N/A,N/A
Expressway Spares Pty Ltd,(07) 4955 0220,"7 Commercial Ave, Mackay QLD 4740",N/A,N/A
Bill & Vicki Holroyd Mechanical & Plant Equipment Repairs,(02) 6642 6196,"143 Turf St, Grafton NSW 2460",N/A,N/A
Compact Earthmoving Equipment,(08) 9721 1444,N/A,N/A,N/A
Kevin Peucker Diesel Services,(03) 5244 2304,"135 Marshalltown Rd, Grovedale VIC 3216",N/A,N/A
Hi Grade Machine Boring,(08) 9271 4460,N/A,N/A,N/A
MJM Heavy Equipment Repairs,0427 991 217,"1 Ballinger St, Horsham VIC 3400",N/A,N/A
Childs' Emerald Tyre Service,0403 666 361,"125 Clermont St, Emerald QLD 4720",https://www.childsemeraldtyreservice.com.au,N/A
Isa Diesel & Earthmoving Repairs,(07) 4743 5233,"2A Goroka St, Soldiers Hill QLD 4825",N/A,N/A
Ulan Water Pty Ltd,(02) 6373 4733,"7003 Main St, Ulan NSW 2850",https://ulanwater.com,N/A
Earthmoving Wearparts & Attachments Pty Ltd,(02) 4956 8460,"Unit 1/ 10 Nelson Rd, Cardiff NSW 2285",http://www.ewansw.com.au,N/A
Goodsell Earthmoving,(07) 4778 2791,"721 Flinders Hwy, Brookhill QLD 4816",https://www.goodsellearthmoving.com.au,N/A
Steelcon Cava Pty Ltd,(07) 4743 3766,N/A,http://www.steelconcava.com.au,info@steelconcava.com.au
All Digger Parts Pty Ltd,(02) 6067 9139,"6 Kane Rd, Wodonga VIC 3690",http://www.alldiggerparts.com.au,N/A
Childs' Emerald Tyre Service,0403 666 361,"125 Clermont St, Emerald QLD 4720",https://www.childsemeraldtyreservice.com.au,N/A
Sunshine Coast Mini Excavator Hire,0404 118 721,N/A,https://sunshinecoastminiexcavators.com.au,N/A
Mobile Machinery Repairs,0408 708 724,N/A,N/A,N/A
Power Earthmoving Repairs Pty Ltd,0459 618 699,"179 Herber St, Moree NSW 2400",N/A,N/A
Sharp's Heavy Equipment Repairs Pty Ltd,(07) 4941 2800,"4 Dysart Bypass Rd, Dysart QLD 4745",http://www.sharpsheavy.com.au,"admin@inspecindustries.com, recruitment@inspecindustries.com"
Boyes Earthmoving Repairs,0400 375 155,"110 Teven Rd, West Ballina NSW 2478",N/A,N/A
Rob Howard Track Repairs,0427 008 553,N/A,N/A,N/A
D J B Plant Repairs,0410 433 022,"2/ 22 Munibung Rd, Cardiff NSW 2285",N/A,N/A
Tallen Earthmoving Repairs P/L,0414 657 947,N/A,N/A,N/A
Elite Earthmoving Repairs,0418 856 073,"35 Chapman Rd, Hackham SA 5163",N/A,N/A
Western Diesel Repairs Pty Ltd,(07) 4743 9575,"51 Commercial Rd, Ryan QLD 4825",N/A,N/A
Mellor G K Mechanical Repairs,(08) 9246 1280,"24 Ayton Way, Duncraig WA 6023",N/A,N/A
Gato Repairs,(02) 4953 1711,"14 Stenhouse Dr, Cameron Park NSW 2286",N/A,N/A
Sharps Heavy Equipment Repairs Pty Ltd,(07) 4955 2666,N/A,N/A,N/A
B & K Machinery Repairs,(02) 6550 4390,N/A,N/A,N/A
Bobcat & Forklift Sales & Repairs,(08) 9250 2246,"Lot 252 Muros Pl, Midvale WA 6056",N/A,N/A
Langes Earthmoving Repairs Pty Ltd,0418 441 573,"17 Norma Cl, Bargo NSW 2574",N/A,N/A
EDH Service & Repairs,0428 871 898,N/A,N/A,N/A
Bonza Earth Moving Repairs Pty Ltd,(07) 4987 5139,"8 Munro Rd, Emerald QLD 4720",N/A,N/A
KV Engineering & Mechanical Repairs,(02) 6238 2087,N/A,N/A,N/A
McSwan Excavation Equipment Repairs,0428 661 284,N/A,N/A,N/A
Normech equipment repairs Pty Ltd,0407 753 270,"3 Mile Garden Roxmear Rd, Cloncurry QLD 4824",N/A,N/A
Lawrence's Ag & Machinery Repairs,0414 234 841,N/A,N/A,N/A
Mick Beer's Mechanical Repairs,(08) 8250 4348,"23 Beafield Rd, Para Hills West SA 5096",N/A,N/A
Central Earthmoving Repairs,0419 574 515,N/A,N/A,N/A
"""Nuts & Bolts"" Diesel Repairs",0407 086 029,N/A,N/A,N/A
Machine Gate - a qualified construction machinery repairing and servicing spot,0434 385 470,N/A,N/A,N/A
Bore Repair Solutions,0429 114 560,N/A,N/A,N/A
Geodetic Supply & Repair,(08) 9409 4058,"Unit 7, 7 Prindiville Drv, Wangara WA 6065",N/A,N/A
Childs' Emerald Tyre Service,0403 666 361,"125 Clermont St, Emerald QLD 4720",https://www.childsemeraldtyreservice.com.au,N/A
Sable Engineering & Metaland Pty Ltd,(02) 6598 4303,"23 Yarrawonga St, Macksville NSW 2447",http://www.sable.net.au,N/A
Drage Boilermaking Services,0413 554 352,"49 Oroya St, South Boulder WA 6432",http://www.drageboilermaking.com.au,N/A
Austec Industrial Engineering,(02) 6229 6500,"50 Bayldon Rd, Queanbeyan NSW 2620",http://www.austec.net.au,N/A
Mendham Engineering Pty Ltd,(07) 3275 3311,"1800 Ipswich Rd, Rocklea QLD 4106",http://www.mendhamengineering.com.au,N/A
Wilson & Oliver Engineering,0425 268 310,N/A,https://www.wilsonandoliver.com.au,N/A
Maltec Engineering Pty Ltd,(03) 6435 0002,"20 Besser Crst, Camdale TAS 7320",http://www.malteceng.com.au,N/A
VVA Engineering - Industrial Engineering Resources,(07) 5481 1133,"9 Dennis Little Dr, Glanmire QLD 4570",http://www.vvaengineering.com,N/A
McKeeco General Engineering,(02) 6621 9544,"2 Industry Dr, Lismore NSW 2480",https://www.mckeeco.com.au,N/A
Overload Machining Services Pty Ltd,(08) 9470 3043,"13-14/ 210 Star St, Welshpool WA 6106",http://www.overloadmachining.com.au,overload@iinet.net.au
Reid Engineering Pty. Ltd.,(03) 5241 7383,"172 Marshalltown Rd, Grovedale VIC 3216",http://www.reidengineering.com.au,N/A
Nelmac Engineering & Body Building,(02) 6027 1942,"63 Back Creek Rd, Yackandandah VIC 3749",http://www.nelmac.net.au,N/A
Cummins Bearings & Engineering,(08) 8676 2444,"6-10 Jeanes Street, Cummins SA 5631",http://www.cumminsbe.com.au,"sales@cumminsbe.com.au, robyn@cumminsbe.com.au, freight@cumminsbe.com.au, clint@cumminsbe.com.au"
CQM Engineering,(07) 5438 7767,N/A,http://www.cqmengineering.com.au,N/A
Daw & Daw Line Boring Services,0412 089 755,"Unit 16 2-14 Sheffield Rd, Welshpool WA 6106",http://www.dawlineboring.com.au,N/A
Denton Engineering & Hydraulics Pty Ltd,(02) 4964 2287,"Unit 2 118 Glenwood Dr, Thornton NSW 2322",http://www.dentonengineering.com.au,N/A
J.A. Cox Engineering Pty Ltd,(03) 5721 2830,"4 Gibson St, Wangaratta VIC 3677",http://www.jacoxengineering.com.au,N/A
Aero Spec Engineering Pty Ltd,(03) 9547 8178,"19 Eileen Rd, Clayton South VIC 3169",https://aerospeceng.com.au,sales@aerospeceng.com.au
C & S Engineering & Toolmaking Pty Ltd,(02) 4648 3800,"Unit 23/ 24 Anzac Ave, Smeaton Grange NSW 2567",http://www.candsengineering.com.au,N/A
Regal Engineering & Line Boring Pty Ltd,(08) 9093 2791,"16 Vivian St, Boulder WA 6432",http://www.regalengineering.com.au,N/A
Swadling Engineering,(02) 6642 2977,"24 Swallow Rd, South Grafton NSW 2460",N/A,N/A
Jastec Sheet Metal & Engineering,0409 321 713,"122 Whitelaw Ave, Delacombe VIC 3356",http://jastec.com.au,N/A
Biggenden Engineering Works,1300 244 364,"Lot 87 Airstrip Rd, Biggenden QLD 4621",http://www.bigeng.com.au,N/A
Stubbs Engineering Pty Ltd,(07) 4153 4743,"1 - 3 Melvin St, Bundaberg QLD 4670",http://stubbsengineering.com.au,N/A
Tasmanian Line Boring Services,0409 547 998,"620 Porters Bridge Rd, Deloraine TAS 7304",N/A,N/A
Gunrad Industries,(02) 6742 5922,"19 Quia Rd, Gunnedah NSW 2380",https://www.facebook.com/people/Gunrad-Industries/100054391095010,N/A
Albury Engineering Pty Ltd,(02) 6025 5522,"920 Carcoola St, Albury NSW 2640",http://www.alburyengineering.org,alburyengineering@gmail.com
K.E.V. Engineering,(03) 5441 2394,"3 Woodlands Ct, Bendigo VIC 3550",http://thelongview.com.au,N/A
K.W. Precision Engineering Pty Ltd,(02) 4271 4766,"47- 51 Doyle Ave, Unanderra NSW 2526",N/A,N/A
Macleay Welding & Engineering,(02) 6562 7464,"26 Harry Boys Ave, South Kempsey NSW 2440",N/A,N/A
Tom Graham Engineering,(07) 4638 1045,"29-31 Isaac St, Toowoomba QLD 4350",https://www.facebook.com/Tom-Graham-Engineering-528612114326807,N/A
Cashcor Engineering,(07) 4035 1588,"20-24 Knight St, Portsmith QLD 4870",https://www.cashcor.com.au,N/A
Eddington Engineering Pty Ltd,(03) 5468 7210,"150 Playfair St, Eddington VIC 3472",http://www.eddingtonengineering.com.au,sales@eddingtonengineering.com.au
Emu Bay Engineering,(03) 6432 4265,"Lot 4 137-149 Wilson St, Burnie TAS 7320",N/A,N/A
Rayham Pty Ltd,(07) 4622 8833,"76 Spencer St, Roma QLD 4455",http://www.rayhamengineering.com.au,N/A
Gunther Engineering,(08) 8447 8299,"52 Kapara Rd, Gillman SA 5013",http://www.guntherengineering.com.au,admin@gunthereng.com.au
Childs' Emerald Tyre Service,0403 666 361,"125 Clermont St, Emerald QLD 4720",https://www.childsemeraldtyreservice.com.au,N/A
McDowall Engineering,(07) 3881 3562,"8 Aldinga St, Brendale QLD 4500",http://www.mcde.com.au,N/A
Heavy Transport Engineering,(08) 8268 9966,"30- 32 Clyde St, Wingfield SA 5013",N/A,N/A
Kuttabul Engineering,(07) 4954 0122,"3200 Bruce Hwy, Kuttabul QLD 4741",N/A,N/A
Intech Engineering Pty Ltd,(03) 5284 1357,"2025 Ballan Rd, Anakie VIC 3221",N/A,N/A
W Cooke Engineering Pty Ltd,(07) 5531 3857,N/A,http://www.wcookeengineering.com.au,N/A
Contatore Engineering,(08) 9356 2725,"97 Radium St, Welshpool WA 6106",http://www.contatoreengineering.com.au,N/A
Wangaratta Engineering,(03) 5721 9564,"22 Gibson St, Wangaratta VIC 3677",http://www.wangengineering.com.au,"heath@wangengineering.com.au, enquiries@wangengineering.com.au, u003einfo@company.com"
BMR Engineering Pty Ltd,(08) 9726 1320,"Lot 500 Papps Rd, Brunswick Junction WA 6224",http://www.bmr-engineering.com,N/A
SJO Maintenance Pty Ltd,0409 614 184,"258 Horizon Dr, Westlake QLD 4074",http://www.sjomaintenance.com.au,N/A
Goulburn Engineering Pty Ltd,(02) 4821 1972,"Lot 1 North St, Goulburn NSW 2580",http://www.goulburnengineering.com.au,admin@goulburnengineering.com.au
Port Adelaide Construction Pty Ltd,(08) 8632 4203,"59 Grey Terrace, Port Pirie South SA 5540",http://www.ptadelconst.com.au,pac@ptadelconst.com.au
Wilkinson Engineering Pty Ltd,0415 409 912,"41 McKinnon Rd, Pinelands NT 0829",http://www.wilkinsonengineering.com.au,"hr@wilkinsonengineering.com.au, info@wilkinsonengineering.com.au"
Ausweld Lineboring,0410 067 548,"5 Pyne Cl, Mt Gambier SA 5290",http://www.ausweldlineboring.com.au,N/A
Janes Engineering Pty Ltd,0447 336 476,"20 Martin Dr, Delacombe VIC 3356",http://janeshunterengineering.com.au,N/A
Webb Engineering,(03) 6229 9105,"23 Richea Ct, Howden TAS 7054",http://www.biztas.com/entrypoint/biztas/TDD.record.00004891,N/A
Hercus Pty Ltd,(08) 8346 5522,"12 Camira St, Regency Park SA 5010",http://www.hercus.com.au,"8c4075d5481d476e945486754f783364@sentry.io, 8eb368c655b84e029ed79ad7a5c1718e@sentry.wixpress.com, 605a7baede844d278b89dc95ae0a9123@sentry-next.wixpress.com"
Nitro Lineboring,0408 764 207,"36 Lavarack St, Clermont QLD 4721",http://nitrolineboring.com.au,N/A
TBAS Precision Engineering,(03) 5022 2005,"72 Tenth St, Mildura VIC 3500",http://www.tbas.net.au,N/A
Global Engineering & Construction Pty Ltd,(07) 4162 1692,"11 Kingaroy St, Kingaroy QLD 4610",http://www.globalec.com.au,N/A
Hanby Welding & Engineering Pty Ltd,(07) 4035 2275,"Unit 1/ 79 Fearnley St, Portsmith QLD 4870",https://www.hanbywelding.com.au,N/A
Blackbutt Engineering & Hydraulink Port Macquarie,(02) 6581 0063,"Shop 6/14 Geebung Dr, Port Macquarie NSW 2444",http://blackbuttengineeringandhydraulink.com.au,N/A
Pearson Engineering Pty Ltd,(02) 4821 9979,"14 Braidwood Rd, Goulburn NSW 2580",http://www.pearsonengineering.com.au,N/A
Vettiger Vidler Engineers & Co Pty Ltd,(07) 4638 2495,"13 Laurel St, Toowoomba QLD 4350",http://www.vettigervidler.com.au,N/A
Cashman's Versatile Engineering,(03) 5152 4496,N/A,http://www.cashmansengineering.com.au,N/A
Echuca Engineering,(03) 5480 6921,"13 Mundarra Rd, Echuca VIC 3564",http://www.echucaengineering.com.au,info@echucaengineering.com.au
Blakey Engineering,(07) 4953 5335,"24B Prospect St, Mackay QLD 4740",http://www.blakeyengineering.com.au,N/A
EMH Services Pty Ltd,0409 828 398,"6 Holstein Pl, Townsville QLD 4810",http://www.emhservices.com.au,N/A
A & K Innovations,0407 334 453,N/A,http://www.akinnovations.com.au,N/A
Austchrome Pty Ltd,(07) 4952 8900,"37-41 Commercial Ave, Paget QLD 4740",http://www.austchrome.com.au,N/A
TR Savage & Son Pty Ltd,(02) 9681 7888,"102 Fairfield St, Fairfield NSW 2165",http://www.trsavage.com.au,N/A
Mackay Harbour Engineering Pty Ltd,(07) 4951 1422,"11 Iridium Dr, Paget QLD 4740",N/A,N/A
Adesu Engineering Pty Ltd,(02) 4272 1166,N/A,N/A,N/A
Dettmann L J Engineering Pty Ltd,(03) 9532 1827,"Fact 4/ 477 Warrigal Rd, Moorabbin VIC 3189",N/A,N/A
TTH Industries Pty Limited,(02) 4822 8036,"38 Ross St, Goulburn NSW 2580",N/A,N/A
Six Wheeler Conversions,(07) 4662 5424,"123 North St, Harlaxton QLD 4350",http://www.sixwheeler.com.au,N/A
Childs' Emerald Tyre Service,0403 666 361,"125 Clermont St, Emerald QLD 4720",https://www.childsemeraldtyreservice.com.au,N/A
MIM Engineering,(08) 9371 9545,"10 Wright St, Bayswater WA 6053",N/A,N/A
Minna Engineering,(08) 9841 5414,"9 Prior St, Albany WA 6330",N/A,N/A
MMME LINE BORING AND WELDING SERVICES,0410 858 438,N/A,https://mobilelineboring.com.au,info@mobilelineboring.com.au
Virtue Engineering,(07) 5483 2087,"5 Lagoon Pocket Rd, Gympie QLD 4570",N/A,N/A
Storey's Engineering,(07) 3382 0562,"Unit 1 5 Timms Ct, Woodridge QLD 4114",N/A,N/A
Breakaway Industrial Radiator Service- Natrad Wingfield,(08) 8303 3613,N/A,https://www.breakawayradiatorsadelaide.com.au,N/A
Western Suburbs Radiators,(07) 3376 2711,N/A,https://www.westernsuburbsradiators.com.au,N/A
Alexandria Radiator Service,(02) 9699 3728,N/A,http://www.alexandriaradiatorservice.com.au,N/A
Pacific Radiator Services,(07) 4031 7388,"11 Wellington St, Bungalow QLD 4870",http://www.pacificradiators.com.au,"admin@pacificradiators.com.au, pacrad@pacificradiators.com.au"
Wagga Radiators & Car Air Conditioning,(02) 6925 5400,"31 Dobney Ave, Wagga Wagga NSW 2650",http://www.adradradiatorexperts.com.au,N/A
Mobile Radiator Services,(07) 3379 3344,N/A,http://www.mobileradiatorsbrisbane.com.au,N/A
J.J. Smith Radiators,(02) 9550 2821,"10 Chapel St, Marrickville NSW 2204",https://www.jjsmithradiators.com.au,N/A
Chambers Portable Line Boring,0413 735 337,N/A,http://www.chambersportablelineboring.com,N/A
Edillilie Engineers,(08) 8676 4298,"13 Railway Tce, Edillilie SA 5630",N/A,N/A
Drayton Engineering Pty Ltd,(07) 4638 4445,"Shed 2 19 Carrington Rd, Torrington QLD 4350",http://www.draytonengineering.com.au,N/A
Central West Machining & Engineering,(02) 6847 2907,"89 Warren Rd, Gilgandra NSW 2827",http://www.cwme.com.au,N/A
Albany Engineering Co,0429 380 005,"71 Roundhay St, Albany WA 6330",N/A,N/A
J.L. Smith Engineering,(02) 6683 2259,"2 Richmond Tce, Coraki NSW 2471",N/A,N/A
Wilmot Engineering,(08) 9093 1144,"82 Chaffers St, Boulder WA 6432",N/A,N/A
TRUTEK Machining & Engineering,0439 438 865,"25 Loudoun Rd, Dalby QLD 4405",N/A,N/A
R.B Lindsay,(02) 6574 6551,"6 Hedley Rd, Mt Thorley NSW 2330",N/A,N/A
Kooistra Engineering,(03) 6273 4488,"29A Pearl St, Derwent Park TAS 7009",N/A,N/A
Bendigo Engineering Services Pty. Ltd.,(03) 5447 2366,N/A,N/A,N/A
Altmann Engineering,(03) 5358 2279,"193 Landsborough Rd, Stawell VIC 3380",N/A,N/A
Romsey Engineering Services,(03) 5429 5653,"8 Mitchell Ct, Romsey VIC 3434",N/A,N/A
Strassmeir Industries Pty Ltd,(02) 9829 6044,"3A Williamson Rd, Ingleburn NSW 2565",N/A,N/A
Gardiner Engineering Co.,(08) 8262 6957,"108 Chruchill Dry Creek 5094, Gepps Cross SA 5094",N/A,N/A
Hispano Engineering Pty Ltd,(02) 9772 3839,"19/ 112 Ashford Ave, Milperra NSW 2214",N/A,N/A
R & D Burns Engineering,0428 300 357,N/A,N/A,N/A
G & C Engineering,(03) 5422 3486,"21 Latrobe St, Kyneton VIC 3444",N/A,N/A
Dinasaw,(07) 5491 4999,"6/ 18 Claude Boyd Parade, Corbould Park QLD 4551",N/A,N/A
Australian Custom Engineering,0438 897 453,N/A,N/A,N/A
Bathurst Engineering,(02) 6331 7446,"Cnr Piper and Cole Sts, Bathurst NSW 2795",N/A,N/A
Dimoff Engineering,(08) 9249 5476,"17 Tambrey Way, Malaga WA 6090",N/A,N/A
Moseneder Engineering Pty Ltd,(02) 4782 3642,"39 Wilson St, Katoomba NSW 2780",N/A,N/A
Childs' Emerald Tyre Service,0403 666 361,"125 Clermont St, Emerald QLD 4720",https://www.childsemeraldtyreservice.com.au,N/A
A.C.T Radiator Warehouse,(02) 6280 6771,"22 Maryborough St, Fyshwick ACT 2609",N/A,N/A
Pete's Radiators,(08) 8582 3384,N/A,N/A,N/A
Bairnsdale Radiators,(03) 5152 1454,"11 Collins St, Bairnsdale VIC 3875",N/A,N/A
North West Radiator Service,(02) 6722 3135,"13 Oliver St, Inverell NSW 2360",N/A,N/A
Currumbin Radiators,(07) 5598 3322,"Factory 1/ 3 Stewart Rd, Currumbin QLD 4223",http://www.currumbinradiators.com,N/A
Barney's exhaust and mechanical,(07) 5495 3474,"30 22 Cessna Dr, Caboolture QLD 4510",https://barney-exhaust-shop-caboolture.business.site/?utm_source=gmb&utm_medium=referral,N/A
Naracoorte Radiators,(08) 8762 1887,"60 Stewart Tce, Naracoorte SA 5271",N/A,N/A
Mt Barker Radiators,(08) 8398 5303,"6 Oborn Rd, Mt Barker SA 5251",N/A,N/A
Tasmania Radiator Warehouse,(03) 6243 1985,"312 East Derwent Hwy, Geilston Bay TAS 7015",http://www.easternshoreradiators.com.au,N/A
NewRads Narellan,(02) 4646 1901,"Unit 1 3 Samantha Pl, Smeaton Grange NSW 2567",http://www.newrads.com.au,newradsnarellan@gmail.com
Perth Radiator Centre,(08) 9271 7200,N/A,http://www.perth-radiator.com.au,N/A
South Coast Radiators,(02) 4283 1547,"478 Princes Hwy, Woonona NSW 2517",http://www.southcoastradiators.com,N/A
Coxons,(07) 4843 3712,"151 Maloney St, Kawana QLD 4701",http://www.coxonsradiators.com.au,N/A
Ikins Radiators & Windscreens,(03) 6331 5911,"27 Frederick St, Launceston TAS 7250",http://www.adradradiatorexperts.com.au,N/A
Rudd's Radiator Service,(07) 5495 2840,"Shop 1 7 Henzell Rd, Caboolture QLD 4510",http://www.ruddsradiators.com.au,N/A
Cairncross Radiators Australia Pty Ltd,(07) 3423 7351,"57 Bradman St, Acacia Ridge QLD 4110",http://cxraustralia.com,N/A
Rabbas Radiators,(03) 5278 6446,"133 Roseneath St, North Geelong VIC 3215",http://www.rabbasradiators.com.au,"8c4075d5481d476e945486754f783364@sentry.io, dd0a55ccb8124b9c9d938e3acf41f8aa@sentry.wixpress.com, 605a7baede844d278b89dc95ae0a9123@sentry-next.wixpress.com, c183baa23371454f99f417f6616b724d@sentry.wixpress.com"
Radiator Wholesalers.com.au,1300 222 665,N/A,http://www.radiatorwholesalers.com.au,N/A
Gladstone Radiator Service,(07) 4972 6750,"2 / 23 Morgan St, Gladstone QLD 4680",http://gladstoneradiatorservice.com.au,"info@gladrads.com.au, 605a7baede844d278b89dc95ae0a9123@sentry-next.wixpress.com"
Childers Radiator Service,(07) 4151 7702,"Shed 4/ 23 Perry St, Bundaberg North QLD 4670",https://www.childersradiators.com,"childersradiators@mail.com, 605a7baede844d278b89dc95ae0a9123@sentry-next.wixpress.com"
North Coast Radiators,(07) 5443 2540,"4/ 5 Service St, Maroochydore QLD 4558",http://www.northcoastradiators.com.au,N/A
Nambour Radiator Works Group,(07) 5441 5562,"69 Coronation Ave, Nambour QLD 4560",https://www.nambourradiators.com.au,user@domain.com
Caloundra Radiator Services,(07) 5491 2251,"2A Allen St, Moffat Beach QLD 4551",http://www.caloundraradiators.com.au,mail@brittlesfamilyautocentre.com.au
Riverstone Radiators,(02) 9627 4657,"63 Wellington St, Riverstone NSW 2765",http://riverstoneradiators.com.au,N/A
Superior Radiator Service,(02) 9600 8485,"12 Seton Rd, Moorebank NSW 2170",http://www.superiorradiators.com.au,info@superiorradiators.com.au
Neilsens Radiator Service,(07) 4632 2349,"6 Donation Lane, Toowoomba QLD 4350",http://www.neilsensradiator.com.au,N/A
Chris O'Beirne Radiators Pty Ltd,(03) 5331 5050,"Cnr Humffray and Peel Sts, Ballarat VIC 3350",N/A,N/A
AAA Radiator Service,(08) 9361 0233,"U 3 20 Milford St, East Victoria Park WA 6101",N/A,N/A
A1 Mobile Radiators,(08) 8387 6801,"77 Education Rd, Chandlers Hill SA 5159",N/A,N/A
Industrial Radiator Services,0416 158 556,"3 Miller St Urangan Hervey Bay, Urangan QLD 4655",N/A,N/A
Berrimah Radiator Service,(08) 8984 3160,"49 Berrimah Rd, Berrimah NT 0828",N/A,N/A
Pearls Radiator Works,(07) 3281 3797,"33 Brisbane St, Ipswich QLD 4305",N/A,N/A
Wangaratta Radiator Services,(03) 5721 3486,"135 Vincent Rd, Wangaratta VIC 3677",N/A,N/A
Eckersley Radiators,(02) 4228 7133,"32 Flinders St, Wollongong NSW 2500",N/A,N/A
Bendigo Radiators,(03) 5443 8890,"66-68 Hattam St, Golden Gully VIC 3555",N/A,N/A
Childs' Emerald Tyre Service,0403 666 361,"125 Clermont St, Emerald QLD 4720",https://www.childsemeraldtyreservice.com.au,N/A
Bundaberg Radiator Service,(07) 4151 2899,"Cnr Quay and Scotland Sts, Bundaberg QLD 4670",N/A,N/A
Forcehydraulics,(02) 4730 7047,"1 /8 Lambridge, Penrith NSW 2750",https://www.forcehyd.com.au,N/A
J & M Shanks Pty Ltd,(08) 8733 3332,N/A,N/A,N/A
JB Precise Engineering,(08) 9309 2979,"2/ 20 Dellamarta Rd, Wangara WA 6065",N/A,N/A
Lake Macquarie Forklift Services,(02) 4972 7004,N/A,https://lmforklifts.com.au,N/A
SQMH,(07) 4634 2744,"10 Bain Ct, Torrington QLD 4350",http://www.sqmh.com.au,reception@sqmh.com.au
Assist 'A' Lift Forklifts,(03) 5152 6230,"708 Main St, Bairnsdale VIC 3875",https://advantageauto.com.au,admin@advantageauto.com.au
Fixify Services,0431 558 409,"1506 Anderson Rd, Karratha Industrial Estate WA 6714",N/A,N/A
Betts Welding Pty Ltd,(02) 4869 1233,"93 Lackey Rd, Moss Vale NSW 2577",N/A,N/A
NB Industries,(07) 4840 2334,"Unit 6 15 Carl St, Rural View QLD 4740",http://www.nbindustries.com.au,N/A
Rural Radiator Services,(08) 8931 1559,"Unit 2/ 35 Georgina Crst, Yarrawonga NT 0830",N/A,N/A
Eastern Radiator Service.,(03) 9720 3353,"Factory 1 / 2 Macquarie Pl, Boronia VIC 3155",N/A,N/A
Autorad Radiators & Exhausts,(03) 6234 1504,"9 Opal Dr, Blackmans Bay TAS 7052",N/A,N/A
Hot Spot Radiators,(07) 3807 3677,"28 Spanns Rd, Beenleigh QLD 4207",N/A,N/A
Leo's Radiators of Midland,(08) 9274 3409,"46 Helen St, Bellevue WA 6056",N/A,N/A
Rowe's Radiators Pty Ltd,(03) 5381 1049,"21 Hamilton Rd, Horsham VIC 3400",N/A,N/A
Keir's Belconnen & Dickson Motor Radiator Services,(02) 6247 8707,"25 Badham St, Dickson ACT 2602",N/A,N/A
Eastside Radiator Service,(03) 9560 0692,"Fy 3 43 Myrtle St, Glen Waverley VIC 3150",N/A,N/A
Auto Radiator & Air Repairers,(03) 5143 2455,"20 Bond St, Sale VIC 3850",N/A,N/A
Vogit Radiators,0400 190 948,"379 Torrens Rd, Kilkenny SA 5009",N/A,N/A
Supa Cool Radiators TAS,(03) 6334 8733,"118 Bathurst St, Launceston TAS 7250",N/A,N/A
Bayside Radiators,(03) 9776 4664,"2/ 13 Cumberland Dr, Seaford VIC 3198",N/A,N/A
Wingfield Industrial Radiators,(08) 8336 8994,N/A,N/A,N/A
Phoenix Radiators,(02) 6056 3044,"Unit 1/ 20 Queen St, Wodonga VIC 3690",N/A,N/A
CT Radiators,(08) 9248 3016,"Unit 4/ 7 Cusack Rd, Malaga WA 6090",N/A,N/A
Sale Radiators & Exhaust Centre,(03) 5144 2303,"103 Macarthur St, Sale VIC 3850",N/A,N/A
Batemans Bay Radiator Repairs,(02) 4472 5447,N/A,N/A,N/A
Central West Forklifts,(02) 6334 4184,"17 Wembley Pl, Kelso NSW 2795",http://centralwestforklifts.com.au,admin@cwf.net.au
Northern Equipment,(07) 4774 7444,"84 Crocodile Cres, Mt St John QLD 4818",https://www.northernequipment.com.au,N/A
Bendigo Forklift Hire & Service,(03) 5441 4286,"Cnr Murphy and Jewell Rds, Bendigo VIC 3550",http://www.bendigoforklift.com.au,N/A
United Forklifts & Access Solutions,(08) 8947 1600,"4 Brooker St, Winnellie NT 0820",http://www.unitedequipment.com.au,N/A
Fork Truck Specialists Pty Ltd,(03) 6425 3792,"40 Industrial Dr, Ulverstone TAS 7315",http://www.forktruckspecialists.com.au,N/A
Rent A Fork Pty Ltd,0409 502 111,"Unit 2 802 Cooper St, Somerton VIC 3062",https://www.hiliftforklifts.com.au/forklift-hire-melbourne,N/A
Bathurst Lift Trucks,0407 066 091,N/A,N/A,N/A
A Able Forklift Hire Pty Ltd,0418 746 166,"66 Milanion Crst, Carindale QLD 4152",N/A,N/A
Childs' Emerald Tyre Service,0403 666 361,"125 Clermont St, Emerald QLD 4720",https://www.childsemeraldtyreservice.com.au,N/A
Vehikool Automotive,(08) 8260 6090,"93 Research Rd, Pooraka SA 5095",https://caracregasadelaide.com.au,N/A
Newcastle Auto Electrics & Mechanical,(02) 4064 1016,"111 Bourke St, Carrington NSW 2294",http://nae.com.au,N/A
Hanby Welding & Engineering Pty Ltd,(07) 4035 2275,"Shed 1, 79 Fearnley Street, Portsmith QLD 4870",https://www.hanbywelding.com.au,N/A
A-Plus Auto Electrical And Air Conditioning,0409 082 028,N/A,http://www.kendonautoelectrical.com.au,N/A
Thompson's Auto Services,(02) 4968 3775,"30 Maitland Rd, Mayfield NSW 2304",https://www.thompsonsautoservice.com.au,N/A
McKeeco Welding,(02) 6621 9544,"6 Industry Dr, East Lismore NSW 2480",https://www.mckeeco.com.au,N/A
Ashmore Welding Pty Ltd,(07) 5578 3477,"10 Indy Ct, Nerang QLD 4211",http://www.ashmorewelding.com.au,info@ashmorewelding.com.au
Kenwick Auto Electrics,(08) 9493 1790,"1708 Albany Hwy, Kenwick WA 6107",http://www.kae.com.au,N/A
Chadwick Fabrication,(08) 7641 3091,"4 Oborn St, Whyalla Norrie SA 5608",https://www.chadwickfabrication.com.au,N/A
Mobile Degas,0408 066 630,N/A,http://www.mobiledegas.com.au,N/A
Auto Air,0416 683 388,N/A,http://www.mobileautoair.com.au,N/A
Swel Specialised Welding,(08) 8953 0369,"50 Sargent St, Alice Springs NT 0870",https://www.swelengineering.com.au,N/A
McKeeco General Engineering,(02) 6621 7022,"2 Industry Dr North, Lismore NSW 2480",http://www.mckeeco.com.au,N/A
Airrad Cooling Services Pty Ltd,(07) 3391 2742,"94 Annerley Rd, Woolloongabba QLD 4102",http://www.airrad.com.au,airrad@bigpond.com
B & B Fabrication,(07) 4662 6246,"14 Loudoun Rd, Dalby QLD 4405",http://www.bandbfabrications.com.au,N/A
Brumb's Welding & Fabrication,(07) 5529 2292,"Unit 1 657 Pine Ridge Rd, Biggera Waters QLD 4216",https://brumbs.com.au,N/A
Taree Auto Electrics,(02) 6552 1507,"1A Grey Gum Rd, Taree NSW 2430",http://www.tareeautoelectrics.com.au,trevorbrown@tareeautoelectrics.com.au
Wagga Radiators & Car Air Conditioning,(02) 6925 5400,"31 Dobney Ave, Wagga Wagga NSW 2650",http://www.adradradiatorexperts.com.au,N/A
Darling Downs Fabricating Pty Ltd,(07) 4691 2382,N/A,http://www.ddfab.com.au,N/A
Chris's Automotive & Marine Electrics,(08) 8932 6600,"19 Waler Rd, Marlow Lagoon NT 0830",https://autoelectricsdarwin.com.au,N/A
Mawson Motors,(03) 5248 5737,"19 Grandview Parade, Moolap VIC 3221",http://www.mawsonmotors.com.au,N/A
Weldone,(03) 5443 9950,"17 Wellsford Dr, East Bendigo VIC 3550",https://weldone.com.au,info@weldone.com.au
Express Engineering Australia Pty Ltd,0418 427 436,"20r Yarrandale, Dubbo NSW 2830",http://www.expressdubbo.com.au,N/A
Styleline Stainless,0405 781 226,"6 Endeavour St, Warragul VIC 3820",https://www.stylelinestainless.com.au,N/A
Emu Plains Auto-Electrical,(02) 4735 2438,"11 Railway St, Emu Plains NSW 2750",http://www.emuplainsautoelectrical.com.au,N/A
Kennedy Welding,(07) 3397 9555,N/A,http://www.kennedywelding.com.au,N/A
Icy Cool Mobile Air Conditioning,0418 737 047,N/A,https://icycool.com.au,N/A
Autolec Queensland,0428 729 488,N/A,http://www.autolecqld.com.au,N/A
GMR Welding,0411 148 450,"142 Anderson Rd, Fawkner VIC 3060",http://www.gmrwelding.com.au,N/A
Custom Auto Electrics & Air,0415 464 675,N/A,N/A,N/A
Leslie's Auto Electrical,(07) 4725 8411,"87 Pilkington St, Garbutt QLD 4814",http://www.lesliesauto.com.au,N/A
AAA Ultra Tech Auto Electricals,0411 216 062,N/A,N/A,N/A
Green Welding Specialists Pty Ltd,(08) 8349 4888,"Cnr White Rd and Kenworth Rd,, Gepps Cross SA 5094",http://www.greenwelding.com.au,N/A
R & N Auto Electrical Katoomba,(02) 4782 4053,"38 Lovel St, Katoomba NSW 2780",https://www.rnautoelectrical.com.au,N/A
2.\tMMME Line Boring and Welding,0410 858 438,N/A,https://mobilelineboring.com.au,info@mobilelineboring.com.au
Childs' Emerald Tyre Service,0403 666 361,"125 Clermont St, Emerald QLD 4720",https://www.childsemeraldtyreservice.com.au,N/A
RT Welding Services,0419 481 932,N/A,http://www.rtwelding.com.au,N/A
CMAC Engineering Pty Ltd,0427 854 510,"Shed A/ 31 Benison Rd, Winnellie NT 0820",http://www.cmacengineering.com.au,"cmaceng@gmail.com, 605a7baede844d278b89dc95ae0a9123@sentry-next.wixpress.com"
Sapphire Welding & Fabrication,(02) 6492 1522,N/A,http://www.sapphirewelding.com.au,N/A
All Sites Welding Services,0417 800 963,N/A,http://allsiteswelding.com.au,allsiteswelding@gmail.com
Australian Mobile Auto Air,0409 034 668,N/A,N/A,N/A
Gunrad Industries,(02) 6742 5922,"19 Quia Rd, Gunnedah NSW 2380",https://www.facebook.com/people/Gunrad-Industries/100054391095010,N/A
Positive Auto Electrics,(08) 9475 0075,"38 Abernethy Rd, Belmont WA 6104",http://www.positiveautoelectrics.com.au,N/A
Sno's Welding,(08) 8953 2700,N/A,http://www.snoswelding.com.au,N/A
Composite Support Systems Victoria,0417 582 227,N/A,N/A,N/A
Stubbs Engineering Pty Ltd,(07) 4153 4743,"1 - 3 Melvin St, Bundaberg QLD 4670",http://stubbsengineering.com.au,N/A
Weld Mobile,0418 815 112,N/A,http://www.weldmobile.com.au,rschaefer@adam.com.au
Specialised & Precision Engineering,(08) 9949 4643,"26 Ingram St, Exmouth WA 6707",http://www.specialisedprecision.com,paul@specialisedprecision.com
Pinks Mobile Welding And Fabrication,0417 905 254,N/A,https://www.facebook.com/pinksweldandfab,N/A
Chasweld Metal Fabrication,0409 158 730,"264 Copland St, Wagga Wagga NSW 2650",N/A,N/A
Allmac Welding,0411 284 596,"137 Lansdowne St, Goulburn NSW 2580",https://www.allmacwelding.com.au,N/A
Liverpool Engineering Works,(03) 6263 3774,N/A,N/A,N/A
Styx Welding Pty Ltd,0411 871 578,N/A,N/A,N/A
R & R Auto Electrics,(02) 4396 5528,"39 Bungary Rd, Norah Head NSW 2263",N/A,N/A
East End Engineering,(03) 5443 6346,"154 Strickland Rd, Bendigo VIC 3550",N/A,N/A
Port Augusta Auto Electrical,0428 800 200,"Unit 20/ 200 Carlton Parade, Port Augusta SA 5700",N/A,N/A
Greg Daly Welding & Fabrications,(03) 6273 1963,"30 Gepp Parade, Derwent Park TAS 7009",N/A,N/A
Gippsland Mobile Air Conditioning,0412 673 905,N/A,N/A,N/A
Mildura Welding,(03) 5023 0107,N/A,N/A,N/A
Bodalla Workshop,(02) 4473 5540,"88 Princes Hwy, Bodalla NSW 2545",N/A,N/A
Reid Engineering Pty. Ltd.,(03) 5241 7452,"172 Marshalltown Rd, Grovedale VIC 3216",http://www.reidengineering.com.au,N/A
Quigley Mobile Welding Services,0428 175 190,"Shed 1 23 Shepherds Rd, Swan Hill VIC 3585",https://prestigeengineeringfabricationandweldingptyltd.com,"info@latinotype.com, team@latofonts.com"
A & S Mobile Welding,0412 737 223,"Shed 14 633 Chevallum Rd, Chevallum QLD 4555",N/A,N/A
Allweld Manufacturing Pty Ltd,(07) 4123 4244,"13 Gateway Ct, Maryborough QLD 4650",http://www.allweldmanufacturing.com.au,sales@allweldmanufacturing.com.au
Blain's Auto Electrical,(07) 4098 2282,"10 Theresa Dr, Mossman QLD 4873",N/A,N/A
Kingsley Welding Pty. Ltd.,(02) 4284 9725,"39 Kingsford St, Fairy Meadow NSW 2519",N/A,N/A
Peel Rural And Fabrication,0414 690 121,"96 Martins Lane, Tamworth NSW 2340",N/A,N/A
Auz Pro Welding & Fabrications Pty Ltd,0402 483 304,"2/ 56 Creek Reserve Rd, Speers Point NSW 2284",https://www.auzproweldingandfabrications.com.au,N/A
Gold Coast Car Air-Conditioning,0422 973 840,N/A,http://www.gccarac.com,"8c4075d5481d476e945486754f783364@sentry.io, dd0a55ccb8124b9c9d938e3acf41f8aa@sentry.wixpress.com, 605a7baede844d278b89dc95ae0a9123@sentry-next.wixpress.com, c183baa23371454f99f417f6616b724d@sentry.wixpress.com"
Red Devil Radiators & Air Conditioning,(07) 3274 1064,"216 Beatty Rd, Archerfield QLD 4108",http://www.reddevilradiators.com.au,N/A
Chill Auto Air,0400 644 656,N/A,http://www.chillautoair.com.au,N/A
Childs' Emerald Tyre Service,0403 666 361,"125 Clermont St, Emerald QLD 4720",https://www.childsemeraldtyreservice.com.au,N/A
Blue Ice Auto Air-Conditioning,0418 763 002,N/A,http://blueiceautoair.com.au,steve@blueiceautoair.com.au
Cawthorn Welding,(03) 6267 9305,"Electrona Industrial Estate Pothana Rd, Electrona TAS 7054",N/A,N/A
Jay Kay's Auto Electrics,(07) 3386 0775,"1 / 48 Moss St, Slacks Creek QLD 4127",https://www.jaykaysautoelectrics.com.au,N/A
Max Welding Pty Ltd,(02) 6621 3169,N/A,https://www.facebook.com/p/MAX-Welding-PTY-LTD-100063043641175,N/A
Cool Car Air Conditioning,0403 883 061,N/A,https://www.coolcarairconditioning.com.au,info@coolcarairconditioning.com.au
GREY Fabricating,0480 116 697,"39 Costin St, Mareeba QLD 4880",https://greyfabricating.business.site/?_target?m=true,N/A
Zac's Welding & Fabrications,0438 974 004,"34 Sunbury St, Maryborough West QLD 4650",https://zwfmaryboroughqld.com.au,N/A
Arcs N Sparks Fabrication,0428 186 911,N/A,http://www.facebook.com/arcsnsparksfab,N/A
Edgy Car Mechanics,(02) 4958 3111,"686 Main Rd, Edgeworth NSW 2285",https://edgycarmechanics.com,N/A
Dingos Welding,0415 245 576,"16 Pago Tce, Pacific Pines QLD 4211",http://www.dingoswelding.com,"admin@dingoswelding.com, Admin@dingoswelding.com"
"Aussie Auto Air Mobile Car , Airconditioning Service & Re-gas",0427 238 125,N/A,https://aussie-auto-air-mobile-car.business.site,N/A
Aarons Mobile Car Airconditioning,0438 769 973,"4 Barramundi St, Manly West QLD 4179",N/A,N/A
Scott Holmes Mechanical,0427 477 740,N/A,http://scottsmechanical.com.au,N/A
Scenic Rim Enterprises,0430 199 912,N/A,https://scenicrimenterprises.com.au,scenicrimenterprises@gmail.com
Grays Marine & Welding,0455 364 342,"4 Uki St, Yamba NSW 2464",https://graysmarineandwelding.com.au,N/A
Autowise Auto Electrics,(02) 4272 3292,"U 4 225-227 Princes Hwy, Unanderra NSW 2526",https://www.autowiseautoelectrics.com.au,auto_wise@bigpond.com
Tingalpa Radiator Service,(07) 3890 2852,"Unit 3 55 Proprietary St, Tingalpa QLD 4173",http://www.brisrads.com.au,brisrads@gmail.com
Northern Hard Surfacers,(07) 4779 5851,"325 Bayswater Rd, Garbutt QLD 4814",http://www.nhsgroup.com.au,N/A
John Taylor Welding,0407 674 320,"9 Sun Ct, Mudgeeraba QLD 4213",http://johntaylorwelding.yellow.com.au,N/A
FNQ Auto Air Pty. Ltd.,(07) 4051 7842,"204 Brown St, Bungalow QLD 4870",http://www.fnqautoair.com,N/A
Red Devil Radiators & Air Conditioning,(07) 5596 4296,"3/ 26 Spencer Rd, Nerang QLD 4211",https://reddevilradiators.com.au/nerang,N/A
Noosa Radiators & Car Airconditioning,(07) 5449 9155,"28 Project Ave, Noosaville QLD 4566",http://www.noosaradiators.com.au,admin@noosaradiators.com.au
Hot Fusion Mobile/On Site Welding & Fabrication Pty Ltd,0409 219 811,N/A,http://www.hotfusion.net.au,N/A
A1 Anco Engineering,(08) 8447 4144,"37 - 39 Lavinia St, Athol Park SA 5012",http://www.a1anco.com.au,N/A
Reynella Steel Supplies,(08) 8381 1467,N/A,http://www.reynellasteel.com.au,N/A
I & M Welding,(03) 5339 6555,"350 Dowling St, Wendouree VIC 3355",http://www.imweldballarat.com.au,N/A
Cairns Car Air Conditioning,0427 555 669,"Corner Hartley Street and Bollard Street, Portsmith QLD 4870",https://cairnscarairconditioning.com.au,carair@bigpond.net.au
A-Lect Auto Electrics & Air Conditioning,(07) 4725 1433,"431 Bayswater Rd, Garbutt QLD 4814",http://www.alectautoelectrical.com.au,N/A
MAG Welding Services Pty Ltd,(02) 6260 8992,N/A,http://www.magwelding.com.au,"605a7baede844d278b89dc95ae0a9123@sentry-next.wixpress.com, office@magwelding.com.au"
GE Griffiths Welding Services Pty Ltd,(02) 4735 5811,"Unit 6/ 116 Old Bathurst Rd, Emu Heights NSW 2750",http://www.gegservices.com.au,steve@gegservices.com.au
ABC Welding Services,0412 374 521,"U 3 20 Clark Ct, Bibra Lake WA 6163",http://www.abcwelding.com.au,"sales@abcwelding.com.au, dd0a55ccb8124b9c9d938e3acf41f8aa@sentry.wixpress.com, 605a7baede844d278b89dc95ae0a9123@sentry-next.wixpress.com, c183baa23371454f99f417f6616b724d@sentry.wixpress.com"
House of Huth Fabrication,0405 497 625,"11 Tarcoola St, Wyreema QLD 4352",https://www.facebook.com/HouseOfHuth,N/A
Rusty's Welding & Repairs,0429 473 701,N/A,http://www.rustyswelding.net.au,N/A
Clark Metal & Design,0428 635 410,N/A,http://www.clarkmet.com.au,N/A
Central West Customs,0438 087 692,"2 Mees St, Cowra NSW 2794",https://www.centralwestcustoms.com.au,N/A
Childs' Emerald Tyre Service,0403 666 361,"125 Clermont St, Emerald QLD 4720",https://www.childsemeraldtyreservice.com.au,N/A
TrueSpec Engineering Pty Ltd,0433 465 200,N/A,http://www.truespec.com.au,info@truespec.com.au
Adrian Gibbons Welding,0418 656 624,"62 Arcwright Crst, Taree NSW 2430",N/A,N/A
Peninsula Engineering & Welding,(03) 5975 7607,"98 Watt Rd, Mornington VIC 3931",http://www.peninsulaengineering.com.au,N/A
East Bundaberg Engineering,(07) 4152 3737,"46 Alexandra St, East Bundaberg QLD 4670",http://www.almactrailers.com.au,N/A
WD Auto Electrical & Air Conditioning,(03) 6431 5116,"24 - 26 Strahan Street, South Burnie TAS 7320",http://www.wdautoelectrical.com.au,N/A
Dalby Radiator Works,(07) 4662 2829,"16 Loudoun Rd, Dalby QLD 4405",http://www.dalbyradiators.com.au,admin@dalbyradiators.com.au
Quicktech Auto Electrics & Air Conditioning,(02) 4257 9771,"117 Industrial Rd, Oak Flats NSW 2529",http://www.quicktech.com.au,N/A
Raymond Terrace Radiator Service,(02) 4987 4113,"9 Port Stephens St, Raymond Terrace NSW 2324",http://www.natrad.com.au,N/A
S&S Automotive,0457 967 329,"32 Sedgman St, Moranbah QLD 4744",http://www.ssautoparts.com.au,N/A
Stick It Engineering,0407 927 667,N/A,https://www.stickitengineering.com.au,chris@stickitengineering.com.au
Auto -Cool Airconditioning,(02) 4987 1401,"20 Port Stephens St, Raymond Terrace NSW 2324",http://www.autocoolairconditioning.com.au,N/A
Exact Mobile Welding Services,0416 524 284,N/A,https://www.facebook.com/Exact-mobile-welding-services-1575875386030500,N/A
All Auto Air,(07) 3824 8594,N/A,http://allautoair.com.au,N/A
Leamans Auto Electrics,(08) 9277 1811,N/A,http://www.leamans.com.au,N/A
Vehikool,(08) 8260 6090,"Unit 5-6/ 93 Research Rd, Pooraka SA 5095",http://www.vehikool.com.au,N/A
K2Mobile Airconditioning,0407 593 595,N/A,http://k2mobileair.com.au,N/A
Mighty Cool Car-Air Conditioning,(07) 3219 7411,"3291 Logan Rd, Underwood QLD 4119",http://www.mightycool.com.au,N/A
Burns Reliable Engineering & Welding Services Pty. Ltd.,0427 321 150,"28 Grenfell St, Parkes NSW 2870",http://www.brewsptyltd.com.au,605a7baede844d278b89dc95ae0a9123@sentry-next.wixpress.com
Kowald Industries,0401 138 232,"9 Myrtle Pl, Tailem Bend SA 5259",https://kowaldindustries.com,N/A
Best Choice Welding & Fabrication,0422 440 010,"260 Princess Hwy, Hallam VIC 3803",http://bcwf.com.au/contacts,N/A
BOWDEN WELDING SERVICE,(07) 5593 4831,"39 Taree St, Burleigh Heads QLD 4220",http://bowdenweldingservice.com.au,N/A
Air Win Air-Conditioning & Windscreens,0458 229 880,"431 San Mateo Ave, Mildura VIC 3500",http://airwinmildura.com.au,N/A
Certweld Pty Ltd,0409 231 447,N/A,http://www.certweld.com.au,N/A
PR Engineering,0474 451 842,"11 Murphy Pl, Narooma NSW 2546",N/A,N/A
Endurance Mobile Welding,0421 937 957,N/A,N/A,N/A
Smiths Mechanical Services,0409 443 217,N/A,N/A,N/A
Pro-Fab steel works,0424 554 525,N/A,N/A,N/A
DJ Welding & Services,0428 778 301,"Unit 3/ 38 Punari St, Currajong QLD 4812",http://www.djwelding.com.au,N/A
Challen Fabrications,(02) 4933 8315,"U 4 4 Young St, East Maitland NSW 2323",N/A,N/A
Stanford Enterprises,0417 940 993,"5 38 Buckingham Dr, Wangara WA 6065",http://www.stanfordenterprises.com.au,N/A
Mobile Fabrications Pty Ltd,(02) 6284 4203,"Cnr Faunce & Silva Ave, Queanbeyan NSW 2620",N/A,N/A
Expert Fusion Welding & Fabrication Services,0467 173 548,N/A,http://www.expertfusion.com.au,glori@expertfusion.com.au
JPF WELDING,0432 173 063,"14 Janola Cct, Port Macquarie NSW 2444",http://www.facebook.com/JPFWELDING,N/A
Tacho Automotive Repairs & Servicing,(08) 8377 1016,"Unit 6 53 Norfolk Rd, Marion SA 5043",N/A,N/A
Equipped Welding and Fabrication,0452 437 898,"6 Hayden Rd, Wamberal NSW 2260",N/A,N/A
Childs' Emerald Tyre Service,0403 666 361,"125 Clermont St, Emerald QLD 4720",https://www.childsemeraldtyreservice.com.au,N/A
MMM Fabrication & Maintenance,0432 666 407,"17 Upfold St, Gormans Hill NSW 2795",N/A,N/A
Igloo Air Conditioning,0407 560 468,N/A,N/A,N/A
Agri West Rural,(02) 6331 1144,N/A,N/A,N/A
Langdon's Welding,0434 418 219,N/A,N/A,N/A
Southern Dial - A - Weld,0418 843 460,"16 Liston Rd, Lonsdale SA 5160",N/A,N/A
D. Roper Engineering,0421 140 230,"35 Homestead Rd, Berwick VIC 3806",N/A,N/A
Sawcom Welding & Engineering,0459 590 877,"Cnr Of Bunda & Hartley Street, Portsmith QLD 4870",N/A,N/A
BM & MJ Davies,(07) 4662 7101,"1 North St, Chinchilla QLD 4413",N/A,N/A
Bentley Maintenance Services Pty Ltd,0422 454 370,N/A,http://www.bentleymaintenance.com.au,N/A
Heigas Air & Auto,0424 148 281,"2 Oakridge Crescent, Mt Gambier SA 5290",N/A,N/A
PF Welding & Fabrication,1800 074 094,"4 5 Spall St, Carrara QLD 4211",N/A,N/A
Sullys Auto,0401 343 071,N/A,N/A,N/A
CJ Welding Pty Ltd,(02) 6882 7403,"16 Depot Rd, Dubbo NSW 2830",N/A,N/A
All About Welding and Fabrication,0408 764 430,"33-37 Bass St, Barellan Point QLD 4306",N/A,N/A
WELDERUP DOWNUNDER,0431 086 116,N/A,N/A,N/A
Kerry Heap Auto Electrician,(02) 4731 1362,"Fy 13 Copeland St, Kingswood NSW 2747",N/A,N/A
R H Automotive Airconditioning,0438 544 570,"1 Mills St, Whyalla Norrie SA 5608",N/A,N/A
JK Mobile Welding Construction Pty Ltd,0413 211 261,N/A,N/A,N/A
Souters Ultartune,0428 634 027,"8 Bogan St, Parkes NSW 2870",N/A,N/A
Mobile VIC Engineering Welding,0402 396 833,N/A,N/A,N/A
Karalinga Industries,(02) 6292 6725,N/A,N/A,N/A
Dubbo Truck Electrics,0423 057 844,"Rear Of Tracserv 19 Purvis Lane, Dubbo NSW 2830",N/A,N/A
Anthony's Auto Air-Conditioning,0421 948 880,N/A,N/A,N/A
Butler Fab,(07) 4588 6675,"22 Mansell St, Wilsonton QLD 4350",https://www.butlerfab.com.au,N/A
Enviro Air Car Airconditioning,(07) 5597 0248,N/A,N/A,N/A
CQ Welding & Services,0418 496 395,"47 Haig St, Clermont QLD 4721",http://www.cqweldingandservices.com.au,N/A
Precision Auto Electrics,(03) 5996 8625,"Factory 1/ 22 Arundel St, Cranbourne VIC 3977",N/A,N/A
Chinchilla Mobile Welding,0409 262 721,N/A,N/A,N/A
Queanbeyan Metal Fabriactions,(02) 6232 9203,"1/ 43 Aurora Ave, Queanbeyan East NSW 2620",N/A,N/A
Anderson's Radiator Service Pty Ltd,(02) 6563 1303,"111 Smith St, Kempsey NSW 2440",http://www.natradkempsey.com.au,N/A
Hicat Marine,0432 180 478,"4/ 10 Aristos Pl, Winnellie NT 0821",http://www.hicatmarine.com.au,wal@hicatcanopies.com.au
Kara Ali Group Mobile Welding,0412 766 884,N/A,N/A,N/A
P.H Welding & Fabrications,0430 544 412,N/A,N/A,N/A
Marks Mobile Auto Electrical & Car Air Conditioning,0438 054 113,N/A,N/A,N/A
CJ & BJ Automotive & Air Con,0428 642 087,N/A,N/A,N/A
Childs' Emerald Tyre Service,0403 666 361,"125 Clermont St, Emerald QLD 4720",https://www.childsemeraldtyreservice.com.au,N/A
Beck Welding & Custom Fabrications,0415 461 157,"84 Griffiths Rd, Lambton NSW 2299",N/A,N/A
A Aardvaark Auto Electrics Mobile Service,0411 725 721,N/A,N/A,N/A
I&L Piping Pty. Ltd.,0450 514 641,N/A,N/A,N/A
Beauval Pty Ltd,(08) 9417 1788,"2/ 34 Bushland Rdg, Bibra Lake WA 6163",N/A,N/A
Tandy Welding,(02) 6362 5757,"140 Clergate Rd, Orange NSW 2800",N/A,N/A
Scott Devine Welding & Fabrication,(03) 6245 1616,"5 Tullah Rd, Mornington TAS 7018",N/A,N/A
Ricks Mobile Welding & Dozer Hire,(02) 6887 8433,"59 Bundemar St, Wongarbon NSW 2831",N/A,N/A
A Mills Air-Con,0438 242 640,N/A,http://www.millscarairconditioning.com.au,N/A
Blue Ice Airconditioning,0418 763 002,N/A,N/A,N/A
C.R. Engineering Steel Fabrications Pty Ltd,(07) 3205 6663,"30 Duntroon St, Brendale QLD 4500",N/A,N/A
I.C. Cold,0418 550 427,N/A,N/A,N/A
Highlands Auto Cooling,0417 680 610,"Unit 3/4 113 Lackey Rd, Moss Vale NSW 2577",N/A,N/A
Holman Welding,(02) 9558 2346,"Unit 2/ 1B South St, Tempe NSW 2044",N/A,N/A
Welderup Pty Ltd,(02) 6548 2500,"29 Blaxland St, Merriwa NSW 2329",N/A,N/A
Carswell Auto Electrical & Air Conditioning,(03) 6331 2511,"102 Margaret St, Launceston TAS 7250",N/A,N/A
Gippsland Mobile Welding,0409 034 510,N/A,N/A,N/A
ACCESS MOBILE WELDING PTY LTD,0418 574 626,"18 Riviera Dr, Old Beach TAS 7017",N/A,N/A
C Drew Industries,0488 160 998,"Unit 4 20 Pendlebury Rd, Cardiff NSW 2285",N/A,N/A
Hotrod Hoses,0423 410 138,N/A,N/A,N/A
Allan Turner & Sons Engineering,(07) 4779 3027,"9 Rendle St, Aitkenvale QLD 4814",N/A,N/A
KING AIR QLD Pty Ltd,(07) 4162 2532,"18 Holliday St, Kingaroy QLD 4610",N/A,N/A
RP Rural Engineering,(02) 4473 7276,"825 Old Hwy, Narooma NSW 2546",http://www.rpruralengineering.com.au,N/A
Auto Radiator & Air Repairs,(03) 5143 2455,"20 Bond St, Sale VIC 3850",N/A,N/A
Butler & Sons Fabrication & Mobile Welding,0427 761 148,"8 Hamilton Dr, Clinton QLD 4680",N/A,N/A
Milton Hawker Automotive,(07) 5441 2155,"Opp. Crushers Football Club 668 Bli Bli Rd, Nambour QLD 4560",N/A,N/A
Cool Cars NT,0438 870 716,N/A,https://www.coolcarsnt.com.au/?utm_source=google&utm_medium=organic&utm_campaign=gmb,N/A
Redman's mobile welding,0455 596 444,N/A,N/A,N/A
WESTERN WELDING SERVICE QLD,(07) 4622 0239,"79-81 Duke St, Roma QLD 4455",N/A,N/A
McSwan Engineering,0428 661 284,"21 Mulgi Dr, South Grafton NSW 2460",N/A,N/A
On Farm Auto Air,0412 485 900,"Shed 1 22 Habib Dr, South Lismore NSW 2480",N/A,N/A
Superior Machining & Fabrication,0409 598 486,N/A,N/A,N/A
HT fabrication,0423 687 745,"23 Hurrell Way, Rockingham WA 6168",N/A,N/A
Andrew's Auto Electrical & Air Conditioning Mobile Service,0417 497 108,N/A,https://andrews-auto-electrical-air.business.site,N/A
Joe's Mobile Air Conditioning & Auto Electrics,0419 702 581,N/A,N/A,N/A
MASS RCI Mobile Welding Manufacturing and site services,(03) 9028 5715,N/A,N/A,N/A
Childs' Emerald Tyre Service,0403 666 361,"125 Clermont St, Emerald QLD 4720",https://www.childsemeraldtyreservice.com.au,N/A
Lonsdale St Auto Electrics Pty Ltd,(03) 9706 5525,"15 Park Dr, Dandenong South VIC 3175",http://www.gpsfortrucks.com.au,N/A
Red Light Auto Electrics,(08) 9791 2663,"26 Bourke St, Bunbury WA 6230",http://www.redlightautoelectricsbunbury.com.au/contact,N/A
Thompson's Farm Gear,(02) 5534 2004,"193 High St, Wauchope NSW 2446",https://www.thompsonsfarmgear.com.au,N/A
Nashtec Auto Electrics,(08) 9493 3815,"Unit 3/ 1787 Albany Hwy, Kenwick WA 6107",http://www.nashtec.com.au,N/A
Eastern Shore Radiator Repairs,(03) 6243 6000,"312 East Derwent Hwy, Lindisfarne TAS 7015",http://easternshoreradiators.com.au,N/A
Michael's Mobile Auto Air,0418 423 730,N/A,https://www.michaelsmobileautoair.com.au,N/A
Coffs Harbour Bearing Centre,(02) 6652 1022,"2/ 4 Cook Dr, Coffs Harbour NSW 2450",http://www.coffsharbourbearingcentre.com.au,N/A
Camden Machinery & Tractors,(02) 4655 5985,"33 Edward St, Camden NSW 2570",http://camdenmachinery.com.au,N/A
Western Farm Machinery,(02) 6847 3422,N/A,http://www.wfmachinery.com.au,N/A
Vin Rowe Farm Machinery Pty Ltd,(03) 5622 9100,"3 Endeavour St, Warragul VIC 3820",http://www.vinrowe.com.au,admin@vinrowe.com.au
Antarctic Mobile Air,0419 202 555,N/A,https://antarctic-mobile-air-car-air.business.site/?utm_source=gmb&utm_medium=referral,N/A
CLAAS Harvest Centre,(02) 6931 7933,"274 Hammond Ave, Wagga Wagga NSW 2650",https://golexion.com.au/contact-us/our-dealers,N/A
J.N. & R. Engineering Pty Ltd,(03) 5852 2444,"23 McCormick Rd, Kyabram VIC 3620",https://www.jnrengineering.com,N/A
On-Trac-Ag,(02) 6372 2662,"215 Market St, Mudgee NSW 2850",http://www.ontracag.com.au,N/A
Mainwaring Auto Electrics Pty Ltd,(03) 6121 4615,"5 Devonport Rd, Miandetta TAS 7310",http://www.mainwarings.com.au,N/A
Honeycombes Sales & Service,(07) 4783 9200,"213-217 Queen Street, Ayr QLD 4807",https://www.honeycombes.com.au,N/A
KY Truck & Tractor Repairs,(03) 5852 3967,"21 Crichton Rd, Kyabram VIC 3620",N/A,N/A
Tropicool,0405 605 406,N/A,N/A,N/A
Spackman Auto Centre,(02) 4332 4642,"Toowoon Bay Service Station, 142 Bay Rd, Toowoon Bay NSW 2261",https://spackmanautocentre.bapnet.com.au,N/A
Mozzies Mobile Welding,0417 790 504,"195 Mt Sylvia Rd, Upper Tenthill QLD 4343",N/A,N/A
Knights Auto,(03) 9311 4322,N/A,N/A,N/A
G.H. All Welding,0409 409 168,N/A,N/A,N/A
CMC Welding,0402 693 693,N/A,N/A,N/A
H & H Steel,(02) 4271 2777,"52 Doyle Ave, Unanderra NSW 2526",N/A,N/A
Henshaw Auto Electrical Pty Ltd,(02) 9905 4914,"Unit 5 750- 752 Pittwater Rd, Brookvale NSW 2100",N/A,N/A
Jason Hass,0438 281 889,N/A,N/A,N/A
Alweld Engineering & Fabrication,(07) 5569 2823,"9 Ryecroft St, Carrara QLD 4211",N/A,N/A
Arctic Automotive Air-Conditioning Pty Ltd,0412 360 503,N/A,N/A,N/A
Mobile Welding Service,0412 607 032,"30 Alder St, Langwarrin VIC 3910",N/A,N/A
Herbohn's Auto Electrical,(07) 4162 2669,N/A,N/A,N/A
BBC Mobile Welding Services,0418 214 618,N/A,N/A,N/A
All Suburbs Welding,0414 953 100,N/A,N/A,N/A
Coadman Engineering,0401 299 784,N/A,N/A,N/A
Mauceri Motors Airconditioning Service,(03) 9543 6466,"9 Meriton Pl, Clayton South VIC 3169",http://maucerimotors.com.au,N/A
CLAAS HARVEST CENTRE SWAYN & MCCABE,(03) 5332 0177,"914 La Trobe St, Delacombe VIC 3356",https://www.claasharvestcentrecolac.com.au,N/A
Childs' Emerald Tyre Service,0403 666 361,"125 Clermont St, Emerald QLD 4720",https://www.childsemeraldtyreservice.com.au,N/A
B & B Machinery,(07) 4630 2000,"443 Anzac Ave, Drayton QLD 4350",http://www.bbmachinery.com.au,N/A
AAEM Group,(07) 4953 1135,"15 Lawson St, Mackay QLD 4740",N/A,N/A
Lyndoch Motors,(08) 8524 4140,"17 Gilbert St, Lyndoch SA 5351",http://www.lyndochmotors.com.au,"old-car-shop@2x.png, lyndoch@lyndochmotors.com.au, angaston@lyndochmotors.com.au, 671581d5-d81d-4f5b-9707-a8622cf84f0f1-720x280@2x.png, CNH_Industrial_Capitla_Logo-web@2x.png"
Michell Machinery,(02) 6884 2767,N/A,http://www.michellmachinery.com.au,admin@michellmachinery.com.au
Nowra Truck and Tractor Repairs Pty Limited,(02) 4421 7188,"31A Bolong Rd, Bomaderry NSW 2541",http://www.truckandtractor.com.au,N/A
Yarra Valley Ag,(03) 9735 5233,"439 Maroondah Hwy, Lilydale VIC 3140",http://www.yarravalleyag.com.au,N/A
TISCA,(07) 5441 5943,N/A,http://www.tisca.com.au,N/A
QMAC Machinery Pty Ltd,(07) 4044 4440,"11 Southgate Cl, Woree QLD 4868",http://www.qmac.com.au,N/A
Brendale Auto Electrics & Air Conditioning Pty Ltd,(07) 3205 6611,"U 7 126 South Pine Rd, Brendale QLD 4500",http://www.brendaleautoelectrics.com.au,N/A
Tracpower NQ Pty. Ltd.,(07) 4772 6455,"101- 105 Ingham Rd, Townsville QLD 4810",http://www.tracpower.com.au,"2062d0a4929b45348643784b5cb39c36@sentry.wixpress.com, 605a7baede844d278b89dc95ae0a9123@sentry-next.wixpress.com, ayroffice@tracpower.com.au, 8eb368c655b84e029ed79ad7a5c1718e@sentry.wixpress.com"
Tundarri Sales & Service Pty Ltd,(08) 8522 4751,"338 Barossa Valley Way, Kalbeeba SA 5118",http://www.tundarri.com.au,admin@tundarri.com.au
Alto Motors,(03) 5633 1866,N/A,http://www.altomotors.com.au,N/A
Traf Tractor and Machinery Industrial,(03) 6391 2411,"6/ 8 Wellington St, Longford TAS 7301",https://www.ttmi.com.au,N/A
Agpower & Transport Pty Ltd,(03) 9739 5006,"465 Maroondah Hwy, Lilydale VIC 3140",http://www.agpower.com.au,administration@agpower.com.au
Bunbury Machinery,(08) 9792 3923,N/A,http://www.bunburymachinery.com.au,N/A
Jas Smith Machinery & Engineering,0409 321 796,N/A,http://www.jassmith.com.au,N/A
Central Machinery Services,(03) 5332 0566,"5 Wiltshire Lane, Ballarat VIC 3350",https://www.centralmachinery.com.au,N/A
Maxey Industries,(03) 5253 2836,"395 Banks Rd, Mannerim VIC 3222",http://www.facebook.com/pages/Maxey-Industries/486788248067081,N/A
David Evans Group,(07) 5462 1266,"349 South Pine Rd, Brendale QLD 4500",http://www.deg.com.au,N/A
Growers Services Pty Ltd,(08) 8586 6714,N/A,http://www.growersservices.com.au,"chosen-sprite@2x.png, sweetalert2@10-min.js"
Cunningham's Balaklava,(08) 8862 2158,"38 Railway Tce, Balaklava SA 5461",http://www.cunbal.com.au,N/A
McDonald Murphy Machinery Pty Ltd,(07) 4153 6933,"26316 Peak Downs Hwy, Racecourse QLD 4740",http://www.mcdonaldmurphy.com.au/caseih,N/A
Echuca TMV,(03) 5480 1234,"39 Mckenzie Rd, Echuca VIC 3564",http://echuca-tmv.tradefarmmachinery.com.au,N/A
Western District Agricentre,(03) 5562 1744,"94 Caramut Rd, Warrnambool VIC 3280",http://www.westerndistrictagricentre.com.au,N/A
Autochill Air Conditioning Services,0425 000 048,"Unit 4 53-55 Kent St, Cannington WA 6107",N/A,N/A
Big Nevs Tractor and Plant Repairs,0488 614 361,"249 Bell Rd, Belford NSW 2335",N/A,N/A
Narre Warren Auto Electrics,(03) 9704 7207,"Factory 2/ 4 Vesper Dr, Narre Warren VIC 3805",N/A,N/A
Mitchell Lawn Mower Centre,(02) 6241 4806,"32 Sandford Street, Mitchell ACT 2911",http://www.mitchelllawn.com.au,N/A
Mirco Bros Machinery,(08) 9434 6011,"26 Salpietro St, Bibra Lake WA 6163",N/A,N/A
Coast & Valley Tractors 4U,(02) 4389 1478,"17 Catamaran Rd, Fountaindale NSW 2258",N/A,N/A
V & L Machinery,(02) 6972 2699,N/A,N/A,N/A
R R Hickey Agricultural Services,(03) 6297 1779,N/A,N/A,N/A
Cooldays Auto Air &Radiators,0437 220 661,"41A Shetland St, Morningside QLD 4170",N/A,N/A
Alice Springs Water Shed,(08) 8952 1844,"43 Elder St, Ciccone NT 0870",http://www.watershednt.com.au,N/A
Rod Kite's Air Repair NQ,(07) 4774 0155,"1231 Riverway Dr, Rasmussen QLD 4815",N/A,N/A
Childs' Emerald Tyre Service,0403 666 361,"125 Clermont St, Emerald QLD 4720",https://www.childsemeraldtyreservice.com.au,N/A
Torrens Valley Mechanical,(08) 8568 2153,"23 William St, Springton SA 5235",N/A,N/A
Millers Civil Contractors,(03) 5382 4027,N/A,http://www.millercontractors.com.au,N/A
Pipeworks Plumbing & Draining Pty Ltd,0417 018 127,"24 Haig St, Wombarra NSW 2515",https://www.pipeworksplumbing.com.au,enquires@pipeworksplumbing.com.au
Keir Earthmoving,0417 263 486,N/A,https://www.facebook.com/keirearthmoving,N/A
ABC Bobcat & Bitumen Service,0418 716 391,"21 Taylor St, Warwick QLD 4370",https://www.facebook.com/ABC-Bobcat-Bitumen-Services-109651987896583,N/A
Downs Earthmoving Pty Ltd,0428 716 406,"14 Rocla Ct, Toowoomba QLD 4350",http://www.downsearthmoving.com.au,N/A
Anderson And Sons Earthmoving,0498 403 612,N/A,N/A,N/A
MJD Bobcat & Tipper Hire,0412 120 557,N/A,http://www.mjdbobcat.com.au,N/A
Slate Design,(08) 8250 4732,N/A,N/A,N/A
Kyogle Earthworx,(02) 6632 1600,"20-24 Andrew St, Kyogle NSW 2474",http://www.kyogle-earthworx.com.au,"2062d0a4929b45348643784b5cb39c36@sentry.wixpress.com, 8eb368c655b84e029ed79ad7a5c1718e@sentry.wixpress.com, 605a7baede844d278b89dc95ae0a9123@sentry-next.wixpress.com"
Sarina Mini Excavators,(07) 4943 1676,N/A,N/A,N/A
Hanlon Excavation And Demolition,0427 597 055,N/A,http://www.hanlonexcavationanddemolition.com.au,hanlonexcavation@icloud.com
AB11 Group P/L,0414 804 665,N/A,http://www.ab11group.com.au,"dd0a55ccb8124b9c9d938e3acf41f8aa@sentry.wixpress.com, 605a7baede844d278b89dc95ae0a9123@sentry-next.wixpress.com, c183baa23371454f99f417f6616b724d@sentry.wixpress.com, ab11group@hotmail.com"
Steve Magill Earthmoving Pty Ltd,(02) 6863 4168,"561 Molong Rd, Parkes NSW 2870",http://www.stevemagillearthmoving.com.au,N/A
Lehmann Contracting Pty Ltd,0428 691 394,N/A,https://lehmannscrapers.com,N/A
TRP Excavations (Terry Pennycuick),0417 149 735,"55 Balook St, Mirboo North VIC 3871",https://www.trpennycuickexcavations.com.au,N/A
A1 Earthworx Pty Ltd,(02) 6372 9238,N/A,http://www.a1earthworx.com.au,N/A
Harris Earthworks And Landscaping,0422 209 139,N/A,https://www.dlook.com.au/excavations-and-foundations/sa-outeradelaide-goolwa/harris-earthworks-and-landscaping-6959600,N/A
Bulmer L & Co,(07) 4671 1758,"12 Henderson Rd, Goondiwindi QLD 4390",https://lbulmerandco.com,"admin@lbulmerandco.com.au, wweeiihhuuaanngg@gmail.com"
Thomas Contracting Services,0417 956 622,"1038 Baldivis Road, Baldivis WA 6171",http://www.thomascontracting.net.au,N/A
CDM Earthmoving & Landscaping Pty Ltd,0417 331 085,N/A,N/A,N/A
Steelcon Cava Pty Ltd,(07) 4743 3766,"Cnr Barkly Hwy and Lake Moondarra Rd, Mt Isa QLD 4825",http://www.steelconcava.com.au,info@steelconcava.com.au
DJ Mac Cormick Contractors Pty Ltd,(08) 9493 3544,"94 Maddington Rd, Maddington WA 6109",http://www.djmaccormickcontractors.com.au,info@djmaccormickcontractors.com.au
Baldwin Contracting Pty Ltd,(07) 4151 4965,"43 Production St, Bundaberg QLD 4670",http://www.baldwingroup.com.au,"8eb368c655b84e029ed79ad7a5c1718e@sentry.wixpress.com, 605a7baede844d278b89dc95ae0a9123@sentry-next.wixpress.com, enquiries@baldwingroup.com.au"
Sunshine Coast Mini Excavator Hire,0404 118 721,N/A,https://sunshinecoastminiexcavators.com.au,N/A
White's Dozing And Transport Pty. Ltd.,0488 882 944,N/A,N/A,N/A
Tribe's Plant Hire,0427 953 686,"31133 Warrego Hwy, Miles QLD 4415",http://tribesplanthire.com.au,N/A
Russell's Earthmoving Pty Ltd,0408 496 630,N/A,N/A,N/A
AMC Earthworks Pty Ltd,0447 491 496,N/A,http://www.amcearthworks.com.au,amcearthworks@bigpond.com
Diamond Excavators,(07) 4789 1517,N/A,https://www.diamondexcavators.com,"8eb368c655b84e029ed79ad7a5c1718e@sentry.wixpress.com, 605a7baede844d278b89dc95ae0a9123@sentry-next.wixpress.com, shane@diamondexcavators.com"
Select Excavations,0404 044 639,N/A,http://www.selectexcavations.com.au,N/A
Commins Contracting,0429 132 487,"1/37 Ramsay St, Cloncurry QLD 4824",http://www.comminscontracting.com.au,"dd0a55ccb8124b9c9d938e3acf41f8aa@sentry.wixpress.com, 605a7baede844d278b89dc95ae0a9123@sentry-next.wixpress.com, c183baa23371454f99f417f6616b724d@sentry.wixpress.com, 8eb368c655b84e029ed79ad7a5c1718e@sentry.wixpress.com"
Machell Bros Earthmoving,(02) 6947 2345,"33 Rifle Range Rd, Tumut NSW 2720",https://www.machellbros.com.au,N/A
East Arm Civil,0447 077 533,N/A,http://eastarmcivil.com.au,admin@eastarmcivil.com.au
Tillage King Machinery Centre Pty Ltd,(08) 9725 4722,"Lot 1 Dodson Rd, Bunbury WA 6230",N/A,N/A
Childs' Emerald Tyre Service,0403 666 361,"125 Clermont St, Emerald QLD 4720",https://www.childsemeraldtyreservice.com.au,N/A
Brennans Earthmoving Pty Ltd,0484 992 505,"13 Bell St, Tumbarumba NSW 2653",http://brenearth.com,N/A
Earth Moving and Trees,0427 572 270,"30 Canobios Rd, Bena VIC 3946",N/A,N/A
Kruse Earthmoving,(08) 8848 4229,N/A,http://www.kruseearthmoving.com.au,N/A
Brolga Contracting,0429 636 267,"Lot 193 Capricorn Hwy, Emerald QLD 4720",https://www.brolgacontracting.com.au,"605a7baede844d278b89dc95ae0a9123@sentry-next.wixpress.com, angus@brolgacontracting.com.au"
S.A. Lift & Loader Pty Ltd,(08) 8243 0788,"253 Hanson Rd, Wingfield SA 5013",http://www.saliftandloader.com.au,admin@saliftandloader.com.au
RPM Rowan's Plant Maintenance Pty Ltd,0417 567 780,N/A,http://www.rpmplant.com.au,rpmplant@bigpond.com
Albury Wodonga Plumbing Service,0412 698 741,"410 Whytes Rd, Baranduda VIC 3691",https://www.alburywodongaplumbingservices.com.au,N/A
R K Latta Earth Moving,0418 433 650,N/A,http://www.lattaearthmoving.com.au,N/A
BG & L OSTLER Pty Ltd,0427 324 247,"102 Blacks Rd, Glen Innes NSW 2370",N/A,N/A
Get Fenced Fencing & Earthmoving,0404 494 493,N/A,N/A,N/A
Barnett Earthmoving Pty Ltd,0419 408 815,N/A,N/A,N/A
Schulz EarthMoving,0408 623 076,N/A,N/A,N/A
Szabolics Construction Pty Ltd,(02) 6059 3367,"29 Barton St, Wodonga VIC 3690",N/A,N/A
Miners Earthmoving,(02) 6453 3056,N/A,N/A,N/A
Central West Earthworks,(02) 6365 8558,"""Maranoa"", 935 Clergate Rd, Clergate NSW 2800",N/A,N/A
Osmonds Excavations,0429 850 499,N/A,N/A,N/A
Sievers Earthmoving,(03) 5422 1414,"25 Latrobe St, Kyneton VIC 3444",N/A,N/A
Downing Tip Truck Hire,0408 997 514,N/A,http://www.downingtruckhire.com.au,N/A
Drouin Automotive Services PTY LTD,(03) 5625 4004,"1 Viaduct Pl, Drouin VIC 3818",https://www.drouinautomotive.com.au,N/A
Newcastle Auto Electrics & Mechanical,(02) 4064 1016,"111 Bourke St, Carrington NSW 2294",http://nae.com.au,N/A
Bay City Quality Mobile Mechanic,0437 625 337,"83-85 Islander Rd, Hervey Bay QLD 4655",https://www.baycitymobilemechanic.com.au,N/A
Grealy Motors Towing Pty Ltd,(02) 6024 1155,"12 Reid St, Wodonga VIC 3690",http://www.grealymotors.com.au,admin@grealymotors.com.au
Clare Valley Mechanical Services,0427 819 954,N/A,https://www.cvmechanicalservices.com.au,"admin@cvmechanicalservices.com"
So Good Services Group Pty Ltd,0435 917 593,N/A,http://www.sogoodhandymanservices.com.au,N/A
Accurate Asphalt & Road Repairs,(02) 4942 6100,"28 Burns St, Redhead NSW 2290",https://accurateasphalt.com.au,N/A
Kohn's Kanga & Home Repairs,0428 265 824,N/A,N/A,N/A
Warden Mobile Repairs & Maintenance Pty Ltd,0418 978 555,N/A,N/A,N/A
Bail Mobile Earthmoving Repairs,(03) 5037 6248,N/A,N/A,N/A
Jackel Earthmoving & Repairs,0417 392 848,N/A,N/A,N/A
Pro Earthmoving Repairs,0432 911 079,"14 Farrar Rd, Gunnedah NSW 2380",N/A,N/A
Simpsons Earthmoving & Repairs,0427 102 910,"2 Moredun St, Guyra NSW 2365",N/A,N/A
Sheps Earthmoving Repairs,0408 370 618,"22 Otama St, Wagga Wagga NSW 2650",N/A,N/A
Clarke Earthmoving Repairs,(02) 6926 4567,"13 Namoi St, Tatton NSW 2650",N/A,N/A
AGT Mobile Maintenance,0499 457 444,"2878 Florina Rd, Katherine NT 0850",https://agtmm.com.au,"admin@agtmm.com.au, Aiden@agtmm.com.au"
Scone Diesel Pty Ltd,0406 661 881,N/A,N/A,N/A
Childs' Emerald Tyre Service,0403 666 361,"125 Clermont St, Emerald QLD 4720",https://www.childsemeraldtyreservice.com.au,N/A
Boag's Diesel Mechanics,(03) 5782 2881,"1 Anvil Ave, Kilmore VIC 3764",http://www.boagsdiesel.com.au,N/A
Baxter Engineering (ACT) Pty Ltd,(02) 6280 5688,"17-21 Couranga Cres, Hume ACT 2620",http://www.baxterengineering.com.au,N/A
Canberra Hydraulic Engineering Services,0410 535 260,"7/ 52 Aurora Ave, Queanbeyan NSW 2620",https://www.hydraulicshop.com.au,N/A
Scotts Hydraulic Services,(02) 6562 5666,"2 Woolford Crescent, South Kempsey NSW 2440",https://www.scottshydraulics.com.au,N/A
Darren Cowan Mobile Welding And Fabrication,(02) 6852 4228,"Cnr Show Street and Junction Street, Forbes NSW 2871",http://www.darrencowanmobilewelding.com.au,N/A
Marshall & Pepper Ag Repairs,(03) 5883 4519,N/A,N/A,N/A
Williams Auto Electrician,(07) 4051 2330,"10 Adelaide St, Cairns QLD 4870",http://www.williamsautoelectrical.com.au,enquiries@williamsautoelectrics.com.au
Hydraulink Bundaberg,(07) 4152 2918,"Shop 1 27 Enterprise St, Bundaberg QLD 4670",https://www.hydraulink.com,sales@hydraulink.com
Hydraulink Geelong,1300 363 734,"135 Marshalltown Rd, Grovedale VIC 3216",https://www.hydraulink.com.au,customercare@hydraulink.com.au
Hydrostatic Services Pty Ltd,(07) 4634 8444,"3 Orford Ct, Toowoomba QLD 4350",http://www.hydros.com.au,sales@hydros.com.au
Almighty Industries,(02) 6361 1900,"18 Astill Dr, Orange NSW 2800",http://www.almightyindustries.com.au,office@almightyindustries.com.au
Micron Australia Pty Ltd,(07) 3268 6244,"7 Industry Court, Eagle Farm QLD 4009",https://www.micronaust.com.au,"workshop@micronaust.com.au"
Darren Cowan Mobile Welding And Fabrication,(02) 6850 8304,"Cnr Show Street and Junction Street, Forbes NSW 2871",http://www.darrencowanmobilewelding.com.au,N/A
AAA Exhausts & Fabrications,(07) 4957 4591,"13 Executive Dr, Paget QLD 4740",http://www.aaaexhaust.com.au,sales@aaaexhaust.com.au
Hydrahose Hoses & Fittings,(02) 6552 3868,"56 Arkwright Crst, Taree NSW 2430",https://hydrahose.com.au/wp,N/A
SG Off Road,(03) 5662 5554,"2 Tilson Ct, Leongatha VIC 3953",https://sgoffroad.com.au,"img-product-fridges@2x-200x138.jpg, img-product-camping-touring@2x.jpg, img-product-camping-touring@2x-400x275.jpg, img-product-side-protection@2x-200x138.jpg, img-product-side-protection@2x-400x275.jpg, img-product-side-protection@2x.jpg, img-product-fridges@2x-400x275.jpg, img-product-long-ranger-tanks@2x-400x275.jpg, img-product-long-ranger-tanks@2x-200x138.jpg, img-product-camping-touring@2x-200x138.jpg, img-product-long-ranger-tanks@2x.jpg, img-product-fridges@2x.jpg"
Warrnambool Hydraulics,(03) 5561 1663,"Factory 1 Silverton Park 22 Walsh Rd, Warrnambool VIC 3280",http://www.wblhyd.com.au/index.php,sales@wblhyd.com.au
Yatala Hydraulic & Hose Service Pty Ltd,0410 615 120,"36 Sears Rd, Yatala QLD 4207",N/A,N/A
ASAP Welding Repairs & Maintenance,(07) 5527 2577,"Unit 2 11 Brendan Dr, Nerang QLD 4211",http://www.asapwelding.com.au,N/A
HRS Trailers,(02) 4722 2317,"20 Coombes Dr, Penrith NSW 2750",http://www.hrstrailers.com.au,"info@hrstrailers.com.au, 8eb368c655b84e029ed79ad7a5c1718e@sentry.wixpress.com, 605a7baede844d278b89dc95ae0a9123@sentry-next.wixpress.com"
Weldfab East Gippsland,0439 266 249,N/A,https://www.facebook.com/weldfabeastgippsland,N/A
Dougâ€™s Mobile Welding & Hire Pty Ltd,0427 284 500,N/A,http://www.dougsmobilewelding.com.au,doug@dougsmobilewelding.com.au
Assist 'A' Lift Forklifts,(03) 5152 6230,"708 Main St, Bairnsdale VIC 3875",https://advantageauto.com.au,admin@advantageauto.com.au
Compass Equipment Hire Pty Ltd,(02) 6682 2307,"26 Langs Way, Woodburn NSW 2472",https://mcgearye.com.au,N/A
Callcorr Equipment Hire,(07) 4959 6211,"7 Munbura Rd, Mackay QLD 4740",http://www.callcorr.com.au,N/A
Hubbard Hire,(02) 6772 7966,"263 Mann St, Armidale NSW 2350",http://www.hubbardhire.com,hubbardhire@hubbardhire.com
Broken Hill Hire & Engineering,(08) 8088 2522,"1 South Rd, Broken Hill NSW 2880",http://www.bhhire.net.au,N/A
Dixie Holdings Pty Ltd,(07) 3497 3173,"1343 Stapylton Jacobs Well Rd, Woongoolba QLD 4207",https://www.dixieholdings.com.au,N/A
Gibbo's Auto Electrics & Air Conditioning,(02) 4945 4741,"477 Pacific Hwy, Belmont NSW 2280",http://www.gibbos.com.au,N/A
West Dalby Ag Sales Pty Ltd,(07) 4662 5616,"62-64 Yumborra Rd, Dalby QLD 4405",http://www.westdalbyagsales.com.au,N/A
Addweld Fabrications Pty Ltd,0417 290 799,"250 Mitchell's Flat Rd, Singleton NSW 2330",http://www.addweld.com,"renigade@mediaone.net, linda@waterwispwebcreations.com, addweld@bigpond.com"
Rosa Engineering Pty Ltd,0410 543 466,N/A,https://rosaengineering.com.au,N/A
Cotterill Earthmoving Repairs,0412 814 309,N/A,N/A,N/A
Adz Earthmoving Repairs Pty Ltd,(02) 6571 2924,"6 Ellen Ave, Singleton NSW 2330",N/A,N/A
Busselton Earthmoving & Mechanical Repairs,0407 554 369,"47 Ford Rd, Geographe WA 6280",N/A,N/A
Childs' Emerald Tyre Service,0403 666 361,"125 Clermont St, Emerald QLD 4720",https://www.childsemeraldtyreservice.com.au,N/A
Holland Maintenance & Repairs,0431 019 677,N/A,https://www.facebook.com/HollmarPL,N/A
Betts Welding Pty Ltd,(02) 4869 1233,"93 Lackey Rd, Moss Vale NSW 2577",N/A,N/A
Sydney Trucks & Machinery,(02) 4647 4488,"10 Dunn Rd, Smeaton Grange NSW 2567",http://www.stmc.com.au,N/A
Chadwick Fabrication,(08) 7641 3019,"4 Oborn St, Whyalla Norrie SA 5608",https://www.chadwickfabrication.com.au,N/A
Assist 'A' Lift Forklifts,(03) 5152 6230,"708 Main St, Bairnsdale VIC 3875",https://advantageauto.com.au,admin@advantageauto.com.au
Steve's Mobile Hydraulics & Hose Service,0428 253 476,N/A,https://www.facebook.com/Steves-Mobile-Hydraulics-384018282059046,N/A
Ozram Hydraulic Services,(07) 4779 5700,"25 Hamill St, Garbutt QLD 4814",http://www.ozram.com.au,N/A
A H Sweeper Hire,(08) 8182 6688,N/A,http://ahmechanicalservices.websyte.com.au,N/A
Palatchie's Earthmoving Repairs,(08) 9592 2622,N/A,N/A,N/A
SMW,1300 769 476,"393 McLaughlin St, Parkhurst QLD 4702",http://www.smwgroup.com.au,"fieldservice@smwgroup.com.au, sales@smwgroup.com.au, corporate@smwgroup.com.au"
