business_name,phone,website,address
Childs' Emerald Tyre Service,0403 666 361,https://www.childsemeraldtyreservice.com.au/,
Hunter Valley Tracks Pty Ltd,(02) 4932 1181,http://www.huntervalleytracks.net.au/,
Hardweld Pty Ltd,(03) 5148 2091,https://www.hardweldpl.com.au/,
Kinsela Plant Repairs,0450 954 654,https://www.yellowpages.com.auN/A,
Huski Construction Equipment,(02) 6218 1224,https://www.huskiconstructionequipment.com.au/,
DM Breaker Equipment,(08) 9452 1112,http://www.dmbreaker.com/,
JF Machinery Pty Ltd,(03) 6263 5576,https://www.jfmachinery.com.au/,
Excavator Parts Pty Ltd,(02) 6581 1589,http://www.excavatorparts.com.au/,
T-Quip,(08) 9479 4708,http://www.tquip.com.au/,
Hydrapower Attachments Pty Ltd,(07) 3477 9073,http://www.hydrapower.com.au/,
Turner's Engineering,(07) 5578 1733,http://www.turnersengineering.com.au/,
Callcorr Pty Ltd,(07) 4959 6211,http://callcorr.com.au/,
Turner's Engineering (QLD),(07) 4982 7522,http://www.turnersengineering.com.au/,
Honeycombes Sales & Service,(07) 4034 6400,https://www.honeycombes.com.au/,
RFG Sales & Spares,(03) 6435 1544,http://www.rfgsales.com.au/,
P A & C I Martin,(08) 8641 1958,http://www.paandcimartin.com.au/,
Van Damme Plant Hire Pty Ltd,(07) 4956 2214,https://vandammeph.com.au/,
Hockey Machinery Sales Pty Ltd,0428 772 902,http://www.hockeymachinery.com/,
S.A. Lift & Loader Pty Ltd,(08) 8243 0788,http://www.saliftandloader.com.au/,
J & S Engineering & Maintenance Pty Ltd,(02) 4932 7379,http://www.jsengineering.com.au/,
Capital Construction Equipment,(02) 6025 0444,https://capitalconstruction.com.au/,"8 Catherine Cres, Lavington, NSW, 2641"
Onsite Equipment Hire,0438 025 496,https://www.onsitehiremildura.com.au/,
Diggermate Mini Excavator Hire Armadale,0488 003 164,https://www.diggermate.com.au/locations/armadale,
All -Make Trencher Sales & Service Pty Ltd,(08) 8266 0190,http://www.allmaketrencher.com.au/,"23 Dundee Ave, Holden Hill, SA, 5088"
ShawX Manufacturing,(07) 3286 3794,https://www.shawx.com.au/,"Level 1 55 Enterprise St, Cleveland, QLD, 4163"
DLM Machinery,(03) 6339 1550,http://www.dlmmachinery.com.au/,"17 - 21 Killafaddy Rd, St Leonards, TAS, 7250"
Onetrak Hyundai,Get quote,http://www.onetrak.com.au/,
CES Australia,(02) 6585 3266,http://www.cesaustralia.com.au/,"16 Business Cct, Wauchope, NSW, 2446"
LiftRite Hire & Sales,(08) 9246 6200,https://www.liftrite.com.au/,"3-5 Zanni St, Canning Vale, WA, 6155"
Super Groups,(03) 9702 3999,http://www.supergroups.com.au/,"30-32 Abbott Rd, Hallam, VIC, 3803"
Tracserv Pty Ltd,(02) 6881 5400,http://www.tracserv.net.au/,"19 Purvis Lane, Dubbo, NSW, 2830"
BMI Engineering,(07) 3219 5666,http://www.bmiengineering.com.au/,"27 Activity St, Acacia Ridge, QLD, 4110"
Hitachi Construction Machinery Australia GLOBAL,1300 448 224,https://hitachicm.com.au/,
Onetrak,1300 727 520,http://www.onetrak.com.au/,"8 Wallis Rd, Davenport, WA, 6230"
Embrey Attachments Pty Ltd,(03) 9504 5008,http://www.embreyattachments.com.au/,"25 Mary St, Pakenham, VIC, 3810"
Tracserv Trucks,(02) 6360 1851,http://www.tracserv.net.au/,"9 Scott Pl, Orange, NSW, 2800"
